complaint_id,timestamp,customer_id,channel,complaint_text,category,priority,supplier_id,product_category,region,order_id
CMP-000001,2024-01-01 00:00:00,CUST-1228,email,Quality issue with order ORD-770487. The oranges show signs of improper handling during transport.,Damaged Goods,critical,SUP-5260,organic apples,Asia,ORD-770487
CMP-000002,2024-01-01 14:37:16,CUST-1476,email,Cannot get anyone to respond about order ORD-329258 delay. Very frustrated with the service.,Poor Communication,medium,SUP-11216,peaches,Asia,ORD-329258
CMP-000003,2024-01-02 05:14:32,CUST-1865,web,Order ORD-832052 is severely delayed. We needed these bell peppers by 2025-10-28 for our retail operations.,Delivery Delay,low,SUP-7166,peaches,Asia,ORD-832052
CMP-000004,2024-01-02 19:51:49,CUST-1940,email,Shipment ORD-865179 stuck in transit for 10 days. This is causing major disruptions to our supply chain.,Delivery Delay,high,SUP-10417,oranges,Europe,ORD-865179
CMP-000005,2024-01-03 10:29:05,CUST-2751,app,Order ORD-183667 is incomplete. Missing 28 units of raspberries.,Missing Items,high,SUP-10749,limes,North America,ORD-183667
CMP-000006,2024-01-04 01:06:22,CUST-2247,app,Critical delay on order ORD-174870. The cantaloupe were time-sensitive and now may be unusable.,Delivery Delay,critical,SUP-11294,pineapples,Asia,ORD-174870
CMP-000007,2024-01-04 15:43:38,CUST-2683,email,Unacceptable quality for shipment ORD-340174. The raspberries do not meet our quality standards.,Quality Issues,medium,SUP-12247,lemons,Europe,ORD-340174
CMP-000008,2024-01-05 06:20:55,CUST-1542,app,"Delivery delay for shipment ORD-249811. Expected 2025-10-31, still not received. Our customers are waiting.",Delivery Delay,low,SUP-9174,broccoli,Asia,ORD-249811
CMP-000009,2024-01-05 20:58:11,CUST-1096,email,Shipment ORD-892495 arrived with crushed boxes. Multiple lemons units are unsellable.,Damaged Goods,high,SUP-12051,organic apples,North America,ORD-892495
CMP-000010,2024-01-06 11:35:28,CUST-1234,web,Overcharged on shipment ORD-855731. Please review and issue credit for $1298.,Pricing Error,low,SUP-6463,carrots,Asia,ORD-855731
CMP-000011,2024-01-07 02:12:44,CUST-1611,app,Shipment ORD-755674 short by 38 items. Packing list doesn't match actual delivery.,Missing Items,low,SUP-12611,blueberries,Europe,ORD-755674
CMP-000012,2024-01-07 16:50:01,CUST-1118,app,"Order ORD-351083 completely ruined. tomatoes arrived in terrible condition, cannot be sold.",Damaged Goods,medium,SUP-12756,potatoes,Asia,ORD-351083
CMP-000013,2024-01-08 07:27:17,CUST-2080,social,Billing discrepancy on order ORD-377932. The unit price for potatoes doesn't match our contract.,Pricing Error,medium,SUP-8698,lettuce,Asia,ORD-377932
CMP-000014,2024-01-08 22:04:34,CUST-1131,web,My order #ORD-335612 was supposed to arrive on 2025-11-01 but it's now 10 days late. This is unacceptable for perishable goods.,Delivery Delay,medium,SUP-12042,avocados,Asia,ORD-335612
CMP-000015,2024-01-09 12:41:50,CUST-1487,web,Order ORD-639131 missing items. Expected 395 but received only 80 bananas.,Missing Items,low,SUP-8334,bananas,Asia,ORD-639131
CMP-000016,2024-01-10 03:19:07,CUST-2349,social,Received only partial order ORD-201639. Where are the remaining 8 spinach?,Missing Items,medium,SUP-7779,peaches,Asia,ORD-201639
CMP-000017,2024-01-10 17:56:23,CUST-1392,app,Critical delay on order ORD-360735. The kale were time-sensitive and now may be unusable.,Delivery Delay,high,SUP-12012,potatoes,Asia,ORD-360735
CMP-000018,2024-01-11 08:33:40,CUST-2335,email,Delivery driver for order ORD-153045 was extremely rude and unprofessional.,Service Complaint,high,SUP-8104,organic apples,Europe,ORD-153045
CMP-000019,2024-01-11 23:10:56,CUST-2897,social,Quality issue with order ORD-378085. The spinach show signs of improper handling during transport.,Damaged Goods,low,SUP-9744,cantaloupe,North America,ORD-378085
CMP-000020,2024-01-12 13:48:12,CUST-2531,web,Order ORD-163918 is incomplete. Missing 38 units of fresh strawberries.,Missing Items,medium,SUP-5561,garlic,Asia,ORD-163918
CMP-000021,2024-01-13 04:25:29,CUST-2765,app,Shipment ORD-808011 stuck in transit for 11 days. This is causing major disruptions to our supply chain.,Delivery Delay,medium,SUP-9630,carrots,Europe,ORD-808011
CMP-000022,2024-01-13 19:02:45,CUST-1418,web,"Delivery delay for shipment ORD-373432. Expected 2025-11-01, still not received. Our customers are waiting.",Delivery Delay,high,SUP-5076,kale,North America,ORD-373432
CMP-000023,2024-01-14 09:40:02,CUST-1204,email,"Order ORD-690341 completely ruined. bananas arrived in terrible condition, cannot be sold.",Damaged Goods,high,SUP-11830,potatoes,North America,ORD-690341
CMP-000024,2024-01-15 00:17:18,CUST-2252,email,"Order ORD-417212 completely ruined. mangoes arrived in terrible condition, cannot be sold.",Damaged Goods,high,SUP-7231,mangoes,North America,ORD-417212
CMP-000025,2024-01-15 14:54:35,CUST-2469,web,Shipment ORD-320861 short by 36 items. Packing list doesn't match actual delivery.,Missing Items,medium,SUP-7266,fresh strawberries,Asia,ORD-320861
CMP-000026,2024-01-16 05:31:51,CUST-2579,app,Customer service rep was very unprofessional when I called about order ORD-449759.,Service Complaint,medium,SUP-12404,bell peppers,North America,ORD-449759
CMP-000027,2024-01-16 20:09:08,CUST-2709,web,Service quality is deteriorating. Multiple issues with order ORD-137778 and no one seems to care.,Service Complaint,high,SUP-10587,oranges,North America,ORD-137778
CMP-000028,2024-01-17 10:46:24,CUST-1724,social,Incomplete delivery for ORD-207786. 15 cases of cantaloupe are missing from the shipment.,Missing Items,high,SUP-11409,spinach,North America,ORD-207786
CMP-000029,2024-01-18 01:23:41,CUST-2660,app,Order ORD-870763 is severely delayed. We needed these cucumbers by 2025-10-29 for our retail operations.,Delivery Delay,low,SUP-7864,mangoes,Asia,ORD-870763
CMP-000030,2024-01-18 16:00:57,CUST-1048,app,Shipment ORD-333752 stuck in transit for 6 days. This is causing major disruptions to our supply chain.,Delivery Delay,medium,SUP-9392,avocados,Asia,ORD-333752
CMP-000031,2024-01-19 06:38:14,CUST-2796,web,Shipment ORD-220944 arrived with crushed boxes. Multiple onions units are unsellable.,Damaged Goods,medium,SUP-5947,raspberries,North America,ORD-220944
CMP-000032,2024-01-19 21:15:30,CUST-1521,email,"Freshness issue with order ORD-299312. organic apples appear to be several days old, not fresh picked.",Quality Issues,high,SUP-12542,avocados,North America,ORD-299312
CMP-000033,2024-01-20 11:52:47,CUST-2358,email,Quality issue with order ORD-429164. The carrots show signs of improper handling during transport.,Damaged Goods,high,SUP-12703,raspberries,North America,ORD-429164
CMP-000034,2024-01-21 02:30:03,CUST-2848,app,Critical delay on order ORD-884475. The onions were time-sensitive and now may be unusable.,Delivery Delay,high,SUP-9969,lemons,Europe,ORD-884475
CMP-000035,2024-01-21 17:07:20,CUST-1904,social,"Delivery delay for shipment ORD-587575. Expected 2025-10-26, still not received. Our customers are waiting.",Delivery Delay,critical,SUP-6924,limes,Europe,ORD-587575
CMP-000036,2024-01-22 07:44:36,CUST-2651,app,Customer service is unresponsive. Order ORD-335552 has issues but nobody is getting back to me.,Poor Communication,low,SUP-9715,bananas,North America,ORD-335552
CMP-000037,2024-01-22 22:21:53,CUST-1786,social,Shipment ORD-830180 stuck in transit for 4 days. This is causing major disruptions to our supply chain.,Delivery Delay,high,SUP-9243,kale,Asia,ORD-830180
CMP-000038,2024-01-23 12:59:09,CUST-1510,email,Been waiting 9 days for update on order ORD-684482. This lack of communication is unprofessional.,Poor Communication,medium,SUP-10018,pears,North America,ORD-684482
CMP-000039,2024-01-24 03:36:25,CUST-1873,social,Customer service is unresponsive. Order ORD-629298 has issues but nobody is getting back to me.,Poor Communication,low,SUP-7249,kale,Asia,ORD-629298
CMP-000040,2024-01-24 18:13:42,CUST-1585,app,Quality issue with order ORD-848206. The avocados show signs of improper handling during transport.,Damaged Goods,medium,SUP-6752,tomatoes,Europe,ORD-848206
CMP-000041,2024-01-25 08:50:58,CUST-1677,social,"Freshness issue with order ORD-527398. fresh strawberries appear to be several days old, not fresh picked.",Quality Issues,high,SUP-7446,pineapples,Europe,ORD-527398
CMP-000042,2024-01-25 23:28:15,CUST-2826,social,"Order ORD-994905 completely ruined. cantaloupe arrived in terrible condition, cannot be sold.",Damaged Goods,low,SUP-5237,raspberries,Europe,ORD-994905
CMP-000043,2024-01-26 14:05:31,CUST-2390,social,Shipment ORD-801364 arrived with crushed boxes. Multiple pears units are unsellable.,Damaged Goods,medium,SUP-6111,cherries,Europe,ORD-801364
CMP-000044,2024-01-27 04:42:48,CUST-1102,web,Been waiting 9 days for update on order ORD-290556. This lack of communication is unprofessional.,Poor Communication,medium,SUP-8453,grapes,Asia,ORD-290556
CMP-000045,2024-01-27 19:20:04,CUST-1039,email,Documentation error on order ORD-593152. Invoice doesn't match packing list.,Documentation Error,medium,SUP-11874,organic apples,North America,ORD-593152
CMP-000046,2024-01-28 09:57:21,CUST-1488,app,Shipment ORD-259784 stuck in transit for 3 days. This is causing major disruptions to our supply chain.,Delivery Delay,high,SUP-12894,cantaloupe,North America,ORD-259784
CMP-000047,2024-01-29 00:34:37,CUST-2592,app,"Terrible communication regarding shipment ORD-220096. No tracking updates, no responses to calls.",Poor Communication,medium,SUP-6624,tomatoes,North America,ORD-220096
CMP-000048,2024-01-29 15:11:54,CUST-2701,app,No response to my emails about order ORD-824161. I've been trying to reach support for 6 days.,Poor Communication,low,SUP-10419,blueberries,Asia,ORD-824161
CMP-000049,2024-01-30 05:49:10,CUST-2326,web,Invoice ORD-630538 shows incorrect pricing. We were quoted $4266 but charged $5899.,Pricing Error,medium,SUP-6442,cantaloupe,North America,ORD-630538
CMP-000050,2024-01-30 20:26:27,CUST-1553,social,Shipment ORD-782054 stuck in transit for 13 days. This is causing major disruptions to our supply chain.,Delivery Delay,low,SUP-9668,garlic,North America,ORD-782054
CMP-000051,2024-01-31 11:03:43,CUST-1688,email,Shipment ORD-497399 stuck in transit for 7 days. This is causing major disruptions to our supply chain.,Delivery Delay,medium,SUP-10744,asparagus,Europe,ORD-497399
CMP-000052,2024-02-01 01:41:00,CUST-1020,app,Received order ORD-682789 with 51% of oranges damaged. Packaging was inadequate.,Damaged Goods,high,SUP-8671,peaches,Asia,ORD-682789
CMP-000053,2024-02-01 16:18:16,CUST-1602,app,Order ORD-197573 missing required quality certificates. Need these urgently for compliance.,Documentation Error,low,SUP-9508,avocados,Europe,ORD-197573
CMP-000054,2024-02-02 06:55:33,CUST-1929,web,Overcharged on shipment ORD-836996. Please review and issue credit for $2348.,Pricing Error,medium,SUP-6516,bananas,Asia,ORD-836996
CMP-000055,2024-02-02 21:32:49,CUST-1991,web,"Order ORD-874483 completely ruined. pineapples arrived in terrible condition, cannot be sold.",Damaged Goods,low,SUP-10800,potatoes,Asia,ORD-874483
CMP-000056,2024-02-03 12:10:06,CUST-1093,email,"Order ORD-387636 completely ruined. mangoes arrived in terrible condition, cannot be sold.",Damaged Goods,medium,SUP-7791,cucumbers,Asia,ORD-387636
CMP-000057,2024-02-04 02:47:22,CUST-2927,social,Delivery driver for order ORD-364742 was extremely rude and unprofessional.,Service Complaint,high,SUP-9610,mangoes,Asia,ORD-364742
CMP-000058,2024-02-04 17:24:38,CUST-1242,social,Incomplete delivery for ORD-360247. 38 cases of garlic are missing from the shipment.,Missing Items,high,SUP-8512,mangoes,North America,ORD-360247
CMP-000059,2024-02-05 08:01:55,CUST-1123,email,Order ORD-751194 contains lemons that are already showing signs of spoilage upon arrival.,Quality Issues,medium,SUP-5021,spinach,Europe,ORD-751194
CMP-000060,2024-02-05 22:39:11,CUST-2216,social,Documentation error on order ORD-822858. Invoice doesn't match packing list.,Documentation Error,medium,SUP-11453,peaches,North America,ORD-822858
CMP-000061,2024-02-06 13:16:28,CUST-2354,app,"Freshness issue with order ORD-718439. lettuce appear to be several days old, not fresh picked.",Quality Issues,critical,SUP-7519,garlic,North America,ORD-718439
CMP-000062,2024-02-07 03:53:44,CUST-2165,web,"Damaged goods in shipment ORD-964278. Temperature control appears to have failed, lettuce are spoiled.",Damaged Goods,medium,SUP-9899,fresh strawberries,Europe,ORD-964278
CMP-000063,2024-02-07 18:31:01,CUST-1660,web,Received order ORD-870214 with 68% of tomatoes damaged. Packaging was inadequate.,Damaged Goods,high,SUP-8854,carrots,North America,ORD-870214
CMP-000064,2024-02-08 09:08:17,CUST-2876,web,Order ORD-563711 contains onions that are already showing signs of spoilage upon arrival.,Quality Issues,critical,SUP-12026,cucumbers,Europe,ORD-563711
CMP-000065,2024-02-08 23:45:34,CUST-2420,social,Order ORD-531641 is severely delayed. We needed these limes by 2025-10-26 for our retail operations.,Delivery Delay,medium,SUP-8311,cherries,North America,ORD-531641
CMP-000066,2024-02-09 14:22:50,CUST-1002,social,Pricing error detected. Order ORD-964998 billed at $5785 instead of agreed $4121.,Pricing Error,low,SUP-7187,potatoes,Asia,ORD-964998
CMP-000067,2024-02-10 05:00:07,CUST-1897,social,My order #ORD-402020 was supposed to arrive on 2025-11-01 but it's now 12 days late. This is unacceptable for perishable goods.,Delivery Delay,medium,SUP-6840,pears,Asia,ORD-402020
CMP-000068,2024-02-10 19:37:23,CUST-2939,email,Poor service experience with shipment ORD-583863. Staff was unhelpful and dismissive.,Service Complaint,low,SUP-8741,potatoes,Asia,ORD-583863
CMP-000069,2024-02-11 10:14:40,CUST-1390,app,Invoice ORD-502219 shows incorrect pricing. We were quoted $2817 but charged $3916.,Pricing Error,medium,SUP-9808,onions,North America,ORD-502219
CMP-000070,2024-02-12 00:51:56,CUST-2772,app,"Damaged goods in shipment ORD-613425. Temperature control appears to have failed, potatoes are spoiled.",Damaged Goods,critical,SUP-12123,bananas,North America,ORD-613425
CMP-000071,2024-02-12 15:29:13,CUST-2171,social,Poor service experience with shipment ORD-350405. Staff was unhelpful and dismissive.,Service Complaint,low,SUP-11491,pears,North America,ORD-350405
CMP-000072,2024-02-13 06:06:29,CUST-2014,email,Billing discrepancy on order ORD-259493. The unit price for carrots doesn't match our contract.,Pricing Error,medium,SUP-10918,bell peppers,Europe,ORD-259493
CMP-000073,2024-02-13 20:43:46,CUST-2986,app,Received order ORD-786587 with 41% of broccoli damaged. Packaging was inadequate.,Damaged Goods,low,SUP-10524,cherries,North America,ORD-786587
CMP-000074,2024-02-14 11:21:02,CUST-2954,web,Order ORD-498468 missing items. Expected 220 but received only 90 cherries.,Missing Items,medium,SUP-5740,spinach,Asia,ORD-498468
CMP-000075,2024-02-15 01:58:18,CUST-2297,email,Shipment ORD-897305 stuck in transit for 13 days. This is causing major disruptions to our supply chain.,Delivery Delay,medium,SUP-8528,bell peppers,Asia,ORD-897305
CMP-000076,2024-02-15 16:35:35,CUST-1843,app,Paperwork for shipment ORD-656968 has wrong product codes. This is delaying our processing.,Documentation Error,low,SUP-7080,kale,Europe,ORD-656968
CMP-000077,2024-02-16 07:12:51,CUST-1019,social,Order ORD-799233 is severely delayed. We needed these limes by 2025-10-29 for our retail operations.,Delivery Delay,medium,SUP-10655,grapes,Europe,ORD-799233
CMP-000078,2024-02-16 21:50:08,CUST-1618,app,Unacceptable behavior from your team handling order ORD-986365. Need to speak with a manager.,Service Complaint,low,SUP-5179,pears,North America,ORD-986365
CMP-000079,2024-02-17 12:27:24,CUST-1562,email,Incomplete delivery for ORD-515032. 43 cases of cherries are missing from the shipment.,Missing Items,high,SUP-9973,peaches,Europe,ORD-515032
CMP-000080,2024-02-18 03:04:41,CUST-2303,app,"Order ORD-329642 completely ruined. grapes arrived in terrible condition, cannot be sold.",Damaged Goods,high,SUP-5273,onions,Europe,ORD-329642
CMP-000081,2024-02-18 17:41:57,CUST-1269,email,Quality issue with order ORD-867934. The avocados show signs of improper handling during transport.,Damaged Goods,high,SUP-11803,cucumbers,Europe,ORD-867934
CMP-000082,2024-02-19 08:19:14,CUST-2933,social,Received only partial order ORD-964749. Where are the remaining 9 cantaloupe?,Missing Items,medium,SUP-10524,raspberries,North America,ORD-964749
CMP-000083,2024-02-19 22:56:30,CUST-1184,social,My order #ORD-483542 was supposed to arrive on 2025-10-26 but it's now 10 days late. This is unacceptable for perishable goods.,Delivery Delay,high,SUP-10230,blueberries,Asia,ORD-483542
CMP-000084,2024-02-20 13:33:47,CUST-1478,social,Received order ORD-807617 with 78% of garlic damaged. Packaging was inadequate.,Damaged Goods,medium,SUP-12449,watermelons,Europe,ORD-807617
CMP-000085,2024-02-21 04:11:03,CUST-1836,email,"Delivery delay for shipment ORD-780776. Expected 2025-10-29, still not received. Our customers are waiting.",Delivery Delay,medium,SUP-8039,limes,North America,ORD-780776
CMP-000086,2024-02-21 18:48:20,CUST-2937,social,Incomplete delivery for ORD-830316. 31 cases of cantaloupe are missing from the shipment.,Missing Items,low,SUP-5268,watermelons,Europe,ORD-830316
CMP-000087,2024-02-22 09:25:36,CUST-1908,social,Billing discrepancy on order ORD-327823. The unit price for cherries doesn't match our contract.,Pricing Error,low,SUP-6554,lettuce,Europe,ORD-327823
CMP-000088,2024-02-23 00:02:53,CUST-2357,app,Incomplete delivery for ORD-196126. 13 cases of organic apples are missing from the shipment.,Missing Items,medium,SUP-6697,onions,Asia,ORD-196126
CMP-000089,2024-02-23 14:40:09,CUST-2781,app,Received only partial order ORD-952547. Where are the remaining 14 pineapples?,Missing Items,medium,SUP-10415,cherries,Asia,ORD-952547
CMP-000090,2024-02-24 05:17:26,CUST-1030,web,Poor service experience with shipment ORD-238205. Staff was unhelpful and dismissive.,Service Complaint,low,SUP-5520,broccoli,Europe,ORD-238205
CMP-000091,2024-02-24 19:54:42,CUST-1741,email,"Damaged goods in shipment ORD-915809. Temperature control appears to have failed, carrots are spoiled.",Damaged Goods,medium,SUP-5498,broccoli,Europe,ORD-915809
CMP-000092,2024-02-25 10:31:59,CUST-2405,email,Unacceptable behavior from your team handling order ORD-546980. Need to speak with a manager.,Service Complaint,high,SUP-10114,lemons,North America,ORD-546980
CMP-000093,2024-02-26 01:09:15,CUST-2458,web,"Damaged goods in shipment ORD-674993. Temperature control appears to have failed, garlic are spoiled.",Damaged Goods,high,SUP-11986,lemons,North America,ORD-674993
CMP-000094,2024-02-26 15:46:31,CUST-2129,app,"Freshness issue with order ORD-906315. kale appear to be several days old, not fresh picked.",Quality Issues,high,SUP-10448,grapes,Europe,ORD-906315
CMP-000095,2024-02-27 06:23:48,CUST-2406,social,Invoice ORD-260053 shows incorrect pricing. We were quoted $3552 but charged $5060.,Pricing Error,low,SUP-5491,onions,North America,ORD-260053
CMP-000096,2024-02-27 21:01:04,CUST-1675,email,Shipment ORD-688967 stuck in transit for 12 days. This is causing major disruptions to our supply chain.,Delivery Delay,high,SUP-9156,bananas,Asia,ORD-688967
CMP-000097,2024-02-28 11:38:21,CUST-1987,app,Missing certificates for order ORD-788637. Cannot clear customs without proper documentation.,Documentation Error,medium,SUP-11704,garlic,North America,ORD-788637
CMP-000098,2024-02-29 02:15:37,CUST-2316,email,"Order ORD-807764 completely ruined. limes arrived in terrible condition, cannot be sold.",Damaged Goods,medium,SUP-5050,cucumbers,Asia,ORD-807764
CMP-000099,2024-02-29 16:52:54,CUST-2346,social,No response to my emails about order ORD-693830. I've been trying to reach support for 2 days.,Poor Communication,high,SUP-8031,mangoes,North America,ORD-693830
CMP-000100,2024-03-01 07:30:10,CUST-2590,email,Missing certificates for order ORD-440140. Cannot clear customs without proper documentation.,Documentation Error,medium,SUP-8392,grapes,Asia,ORD-440140
CMP-000101,2024-03-01 22:07:27,CUST-2049,email,Received only partial order ORD-891615. Where are the remaining 48 spinach?,Missing Items,low,SUP-6806,raspberries,North America,ORD-891615
CMP-000102,2024-03-02 12:44:43,CUST-1015,app,Order ORD-157443 is severely delayed. We needed these bananas by 2025-10-27 for our retail operations.,Delivery Delay,high,SUP-8527,cucumbers,Asia,ORD-157443
CMP-000103,2024-03-03 03:22:00,CUST-2090,app,Incomplete delivery for ORD-498676. 30 cases of potatoes are missing from the shipment.,Missing Items,low,SUP-12062,avocados,North America,ORD-498676
CMP-000104,2024-03-03 17:59:16,CUST-2174,social,Shipment ORD-550137 stuck in transit for 3 days. This is causing major disruptions to our supply chain.,Delivery Delay,medium,SUP-5721,spinach,Asia,ORD-550137
CMP-000105,2024-03-04 08:36:33,CUST-1892,social,Critical delay on order ORD-355135. The tomatoes were time-sensitive and now may be unusable.,Delivery Delay,low,SUP-5934,carrots,North America,ORD-355135
CMP-000106,2024-03-04 23:13:49,CUST-2855,web,Received only partial order ORD-303322. Where are the remaining 11 cantaloupe?,Missing Items,medium,SUP-11227,pineapples,North America,ORD-303322
CMP-000107,2024-03-05 13:51:06,CUST-1362,social,Order ORD-179013 missing items. Expected 429 but received only 90 pineapples.,Missing Items,medium,SUP-7589,bell peppers,Europe,ORD-179013
CMP-000108,2024-03-06 04:28:22,CUST-1960,social,"Terrible communication regarding shipment ORD-171603. No tracking updates, no responses to calls.",Poor Communication,low,SUP-8020,pears,Europe,ORD-171603
CMP-000109,2024-03-06 19:05:39,CUST-2320,email,"Order ORD-180458 completely ruined. garlic arrived in terrible condition, cannot be sold.",Damaged Goods,high,SUP-9683,lemons,Asia,ORD-180458
CMP-000110,2024-03-07 09:42:55,CUST-2239,social,Incomplete delivery for ORD-437145. 26 cases of bell peppers are missing from the shipment.,Missing Items,high,SUP-7029,watermelons,Europe,ORD-437145
CMP-000111,2024-03-08 00:20:12,CUST-2073,app,Received only partial order ORD-560767. Where are the remaining 26 blueberries?,Missing Items,medium,SUP-7741,tomatoes,Europe,ORD-560767
CMP-000112,2024-03-08 14:57:28,CUST-2142,social,Order ORD-199096 is severely delayed. We needed these grapes by 2025-10-30 for our retail operations.,Delivery Delay,medium,SUP-12927,lemons,North America,ORD-199096
CMP-000113,2024-03-09 05:34:44,CUST-1802,app,"Order ORD-794299 completely ruined. watermelons arrived in terrible condition, cannot be sold.",Damaged Goods,medium,SUP-12758,cantaloupe,North America,ORD-794299
CMP-000114,2024-03-09 20:12:01,CUST-1191,social,Service quality is deteriorating. Multiple issues with order ORD-651963 and no one seems to care.,Service Complaint,medium,SUP-6269,tomatoes,Europe,ORD-651963
CMP-000115,2024-03-10 10:49:17,CUST-2614,email,Incorrect shipping documents for ORD-985447. Supplier name and details are wrong.,Documentation Error,medium,SUP-6329,cucumbers,North America,ORD-985447
CMP-000116,2024-03-11 01:26:34,CUST-2279,app,"Freshness issue with order ORD-908554. fresh strawberries appear to be several days old, not fresh picked.",Quality Issues,high,SUP-8677,oranges,North America,ORD-908554
CMP-000117,2024-03-11 16:03:50,CUST-1633,social,Shipment ORD-350786 short by 23 items. Packing list doesn't match actual delivery.,Missing Items,medium,SUP-11691,bananas,North America,ORD-350786
CMP-000118,2024-03-12 06:41:07,CUST-2787,web,My order #ORD-245121 was supposed to arrive on 2025-10-26 but it's now 9 days late. This is unacceptable for perishable goods.,Delivery Delay,high,SUP-6313,grapes,Europe,ORD-245121
CMP-000119,2024-03-12 21:18:23,CUST-1301,social,Received order ORD-638289 with 79% of oranges damaged. Packaging was inadequate.,Damaged Goods,low,SUP-8163,tomatoes,Europe,ORD-638289
CMP-000120,2024-03-13 11:55:40,CUST-1057,web,Order ORD-335445 is incomplete. Missing 14 units of pears.,Missing Items,medium,SUP-10702,pears,Asia,ORD-335445
CMP-000121,2024-03-14 02:32:56,CUST-2444,social,Unacceptable behavior from your team handling order ORD-895702. Need to speak with a manager.,Service Complaint,high,SUP-9323,spinach,Asia,ORD-895702
CMP-000122,2024-03-14 17:10:13,CUST-1590,app,Documentation error on order ORD-913875. Invoice doesn't match packing list.,Documentation Error,low,SUP-9888,potatoes,Asia,ORD-913875
CMP-000123,2024-03-15 07:47:29,CUST-2055,app,"Delivery delay for shipment ORD-762652. Expected 2025-10-27, still not received. Our customers are waiting.",Delivery Delay,high,SUP-5701,carrots,Europe,ORD-762652
CMP-000124,2024-03-15 22:24:46,CUST-2952,email,Pricing error detected. Order ORD-170966 billed at $786 instead of agreed $633.,Pricing Error,high,SUP-7824,oranges,North America,ORD-170966
CMP-000125,2024-03-16 13:02:02,CUST-2286,email,Service quality is deteriorating. Multiple issues with order ORD-789023 and no one seems to care.,Service Complaint,high,SUP-11802,pineapples,North America,ORD-789023
CMP-000126,2024-03-17 03:39:19,CUST-2424,social,Shipment ORD-587192 arrived with crushed boxes. Multiple peaches units are unsellable.,Damaged Goods,medium,SUP-12256,fresh strawberries,Europe,ORD-587192
CMP-000127,2024-03-17 18:16:35,CUST-2055,social,Quality control failure on order ORD-425138. broccoli are contaminated and cannot be sold.,Quality Issues,high,SUP-12092,lemons,Europe,ORD-425138
CMP-000128,2024-03-18 08:53:52,CUST-1254,web,Shipment ORD-386488 stuck in transit for 8 days. This is causing major disruptions to our supply chain.,Delivery Delay,medium,SUP-12571,peaches,North America,ORD-386488
CMP-000129,2024-03-18 23:31:08,CUST-2640,email,Unacceptable behavior from your team handling order ORD-379676. Need to speak with a manager.,Service Complaint,medium,SUP-7510,kale,North America,ORD-379676
CMP-000130,2024-03-19 14:08:25,CUST-1872,app,Order ORD-852524 missing items. Expected 414 but received only 77 blueberries.,Missing Items,low,SUP-12765,fresh strawberries,Asia,ORD-852524
CMP-000131,2024-03-20 04:45:41,CUST-2305,social,Received only partial order ORD-803787. Where are the remaining 6 carrots?,Missing Items,critical,SUP-6933,pineapples,North America,ORD-803787
CMP-000132,2024-03-20 19:22:57,CUST-1741,social,Critical delay on order ORD-484123. The fresh strawberries were time-sensitive and now may be unusable.,Delivery Delay,medium,SUP-6127,carrots,Europe,ORD-484123
CMP-000133,2024-03-21 10:00:14,CUST-1643,web,Paperwork for shipment ORD-517368 has wrong product codes. This is delaying our processing.,Documentation Error,medium,SUP-10767,kale,Asia,ORD-517368
CMP-000134,2024-03-22 00:37:30,CUST-1584,social,Shipment ORD-741599 short by 16 items. Packing list doesn't match actual delivery.,Missing Items,high,SUP-7618,limes,Europe,ORD-741599
CMP-000135,2024-03-22 15:14:47,CUST-1132,web,Quality issue with order ORD-844007. The cherries show signs of improper handling during transport.,Damaged Goods,medium,SUP-6137,oranges,Europe,ORD-844007
CMP-000136,2024-03-23 05:52:03,CUST-1739,web,"Freshness issue with order ORD-127560. peaches appear to be several days old, not fresh picked.",Quality Issues,critical,SUP-8921,carrots,Europe,ORD-127560
CMP-000137,2024-03-23 20:29:20,CUST-1838,email,Paperwork for shipment ORD-906527 has wrong product codes. This is delaying our processing.,Documentation Error,high,SUP-11391,potatoes,North America,ORD-906527
CMP-000138,2024-03-24 11:06:36,CUST-1372,app,Pricing error detected. Order ORD-716338 billed at $2244 instead of agreed $1826.,Pricing Error,medium,SUP-6847,blueberries,North America,ORD-716338
CMP-000139,2024-03-25 01:43:53,CUST-2732,email,Unacceptable quality for shipment ORD-397846. The bananas do not meet our quality standards.,Quality Issues,high,SUP-6381,onions,North America,ORD-397846
CMP-000140,2024-03-25 16:21:09,CUST-1350,web,Cannot get anyone to respond about order ORD-261684 delay. Very frustrated with the service.,Poor Communication,medium,SUP-9686,spinach,North America,ORD-261684
CMP-000141,2024-03-26 06:58:26,CUST-1062,social,Incorrect shipping documents for ORD-770030. Supplier name and details are wrong.,Documentation Error,low,SUP-5490,cucumbers,Europe,ORD-770030
CMP-000142,2024-03-26 21:35:42,CUST-1991,social,Shipment ORD-535810 arrived with crushed boxes. Multiple avocados units are unsellable.,Damaged Goods,low,SUP-11231,blueberries,North America,ORD-535810
CMP-000143,2024-03-27 12:12:59,CUST-1217,web,Shipment ORD-688933 short by 20 items. Packing list doesn't match actual delivery.,Missing Items,low,SUP-12079,garlic,Europe,ORD-688933
CMP-000144,2024-03-28 02:50:15,CUST-2971,app,Overcharged on shipment ORD-360330. Please review and issue credit for $1295.,Pricing Error,medium,SUP-9074,organic apples,Asia,ORD-360330
CMP-000145,2024-03-28 17:27:32,CUST-2035,social,Shipment ORD-512344 arrived with crushed boxes. Multiple bananas units are unsellable.,Damaged Goods,high,SUP-11940,lettuce,Europe,ORD-512344
CMP-000146,2024-03-29 08:04:48,CUST-2807,web,Order ORD-240440 is severely delayed. We needed these pineapples by 2025-10-30 for our retail operations.,Delivery Delay,low,SUP-5602,raspberries,North America,ORD-240440
CMP-000147,2024-03-29 22:42:05,CUST-2565,web,Quality control failure on order ORD-572230. limes are contaminated and cannot be sold.,Quality Issues,high,SUP-11184,bell peppers,Asia,ORD-572230
CMP-000148,2024-03-30 13:19:21,CUST-2042,social,Critical delay on order ORD-731728. The fresh strawberries were time-sensitive and now may be unusable.,Delivery Delay,medium,SUP-12316,carrots,Asia,ORD-731728
CMP-000149,2024-03-31 03:56:37,CUST-2907,web,Customer service is unresponsive. Order ORD-443897 has issues but nobody is getting back to me.,Poor Communication,low,SUP-7455,broccoli,Asia,ORD-443897
CMP-000150,2024-03-31 18:33:54,CUST-1678,email,Order ORD-486251 missing items. Expected 235 but received only 91 onions.,Missing Items,low,SUP-8935,cucumbers,North America,ORD-486251
CMP-000151,2024-04-01 09:11:10,CUST-2476,social,"Delivery delay for shipment ORD-759580. Expected 2025-10-30, still not received. Our customers are waiting.",Delivery Delay,medium,SUP-8430,bell peppers,Europe,ORD-759580
CMP-000152,2024-04-01 23:48:27,CUST-1417,social,Incomplete delivery for ORD-824042. 8 cases of pineapples are missing from the shipment.,Missing Items,medium,SUP-10424,broccoli,North America,ORD-824042
CMP-000153,2024-04-02 14:25:43,CUST-1642,app,Been waiting 10 days for update on order ORD-495129. This lack of communication is unprofessional.,Poor Communication,critical,SUP-12842,oranges,Europe,ORD-495129
CMP-000154,2024-04-03 05:03:00,CUST-1611,app,Overcharged on shipment ORD-685196. Please review and issue credit for $1061.,Pricing Error,medium,SUP-10911,grapes,Europe,ORD-685196
CMP-000155,2024-04-03 19:40:16,CUST-2174,social,"Freshness issue with order ORD-227794. pears appear to be several days old, not fresh picked.",Quality Issues,medium,SUP-10373,grapes,North America,ORD-227794
CMP-000156,2024-04-04 10:17:33,CUST-1438,app,Invoice ORD-602351 has wrong prices for grapes. This needs immediate correction.,Pricing Error,low,SUP-12415,carrots,Asia,ORD-602351
CMP-000157,2024-04-05 00:54:49,CUST-1476,email,My order #ORD-768933 was supposed to arrive on 2025-10-31 but it's now 7 days late. This is unacceptable for perishable goods.,Delivery Delay,critical,SUP-8333,lemons,Europe,ORD-768933
CMP-000158,2024-04-05 15:32:06,CUST-2332,app,Unacceptable quality for shipment ORD-600641. The avocados do not meet our quality standards.,Quality Issues,high,SUP-11965,fresh strawberries,Asia,ORD-600641
CMP-000159,2024-04-06 06:09:22,CUST-2806,app,Invoice ORD-538184 shows incorrect pricing. We were quoted $2944 but charged $3907.,Pricing Error,low,SUP-12605,avocados,Europe,ORD-538184
CMP-000160,2024-04-06 20:46:39,CUST-2313,social,"Delivery delay for shipment ORD-576419. Expected 2025-10-27, still not received. Our customers are waiting.",Delivery Delay,medium,SUP-7107,watermelons,Asia,ORD-576419
CMP-000161,2024-04-07 11:23:55,CUST-2508,web,Received only partial order ORD-114768. Where are the remaining 44 onions?,Missing Items,high,SUP-8283,limes,Asia,ORD-114768
CMP-000162,2024-04-08 02:01:12,CUST-1287,social,Received only partial order ORD-293757. Where are the remaining 20 oranges?,Missing Items,medium,SUP-9771,cantaloupe,North America,ORD-293757
CMP-000163,2024-04-08 16:38:28,CUST-1535,web,Poor service experience with shipment ORD-111991. Staff was unhelpful and dismissive.,Service Complaint,medium,SUP-11306,mangoes,North America,ORD-111991
CMP-000164,2024-04-09 07:15:45,CUST-2308,web,Received only partial order ORD-223119. Where are the remaining 35 garlic?,Missing Items,medium,SUP-12477,broccoli,North America,ORD-223119
CMP-000165,2024-04-09 21:53:01,CUST-2360,app,Billing discrepancy on order ORD-940952. The unit price for limes doesn't match our contract.,Pricing Error,low,SUP-5919,fresh strawberries,North America,ORD-940952
CMP-000166,2024-04-10 12:30:18,CUST-1414,app,Shipment ORD-630041 arrived with crushed boxes. Multiple avocados units are unsellable.,Damaged Goods,high,SUP-8649,peaches,Asia,ORD-630041
CMP-000167,2024-04-11 03:07:34,CUST-1270,social,Shipment ORD-575458 stuck in transit for 2 days. This is causing major disruptions to our supply chain.,Delivery Delay,low,SUP-5024,cantaloupe,Asia,ORD-575458
CMP-000168,2024-04-11 17:44:50,CUST-1149,email,Shipment ORD-706403 stuck in transit for 13 days. This is causing major disruptions to our supply chain.,Delivery Delay,low,SUP-11299,bell peppers,North America,ORD-706403
CMP-000169,2024-04-12 08:22:07,CUST-2322,social,Unacceptable quality for shipment ORD-864715. The asparagus do not meet our quality standards.,Quality Issues,high,SUP-7848,lettuce,Asia,ORD-864715
CMP-000170,2024-04-12 22:59:23,CUST-1804,app,Billing discrepancy on order ORD-663356. The unit price for pears doesn't match our contract.,Pricing Error,low,SUP-11744,oranges,Asia,ORD-663356
CMP-000171,2024-04-13 13:36:40,CUST-1708,app,Overcharged on shipment ORD-583000. Please review and issue credit for $123.,Pricing Error,medium,SUP-5826,garlic,Asia,ORD-583000
CMP-000172,2024-04-14 04:13:56,CUST-2224,email,"Delivery delay for shipment ORD-568127. Expected 2025-10-30, still not received. Our customers are waiting.",Delivery Delay,medium,SUP-6918,pears,North America,ORD-568127
CMP-000173,2024-04-14 18:51:13,CUST-1653,web,Shipment ORD-704095 arrived with crushed boxes. Multiple mangoes units are unsellable.,Damaged Goods,high,SUP-12206,cantaloupe,Asia,ORD-704095
CMP-000174,2024-04-15 09:28:29,CUST-2390,social,Incomplete delivery for ORD-756401. 46 cases of broccoli are missing from the shipment.,Missing Items,low,SUP-8344,bell peppers,Europe,ORD-756401
CMP-000175,2024-04-16 00:05:46,CUST-1376,social,Shipment ORD-494747 arrived with crushed boxes. Multiple cherries units are unsellable.,Damaged Goods,high,SUP-9565,carrots,Asia,ORD-494747
CMP-000176,2024-04-16 14:43:02,CUST-1497,web,Billing discrepancy on order ORD-507286. The unit price for avocados doesn't match our contract.,Pricing Error,high,SUP-5422,grapes,Europe,ORD-507286
CMP-000177,2024-04-17 05:20:19,CUST-2238,email,Order ORD-806396 is incomplete. Missing 35 units of bananas.,Missing Items,medium,SUP-6735,bananas,North America,ORD-806396
CMP-000178,2024-04-17 19:57:35,CUST-2529,social,"Delivery delay for shipment ORD-223014. Expected 2025-10-28, still not received. Our customers are waiting.",Delivery Delay,medium,SUP-10314,blueberries,Europe,ORD-223014
CMP-000179,2024-04-18 10:34:52,CUST-1736,social,Shipment ORD-374267 stuck in transit for 14 days. This is causing major disruptions to our supply chain.,Delivery Delay,medium,SUP-12078,oranges,North America,ORD-374267
CMP-000180,2024-04-19 01:12:08,CUST-1033,web,Service quality is deteriorating. Multiple issues with order ORD-253011 and no one seems to care.,Service Complaint,medium,SUP-7013,broccoli,North America,ORD-253011
CMP-000181,2024-04-19 15:49:25,CUST-2932,web,Quality issue with order ORD-786406. The pineapples show signs of improper handling during transport.,Damaged Goods,high,SUP-9000,cucumbers,North America,ORD-786406
CMP-000182,2024-04-20 06:26:41,CUST-2960,email,Invoice ORD-772985 has wrong prices for fresh strawberries. This needs immediate correction.,Pricing Error,medium,SUP-5074,bananas,North America,ORD-772985
CMP-000183,2024-04-20 21:03:58,CUST-1764,email,Service quality is deteriorating. Multiple issues with order ORD-578160 and no one seems to care.,Service Complaint,medium,SUP-5137,carrots,North America,ORD-578160
CMP-000184,2024-04-21 11:41:14,CUST-2097,web,Delivery driver for order ORD-388086 was extremely rude and unprofessional.,Service Complaint,high,SUP-10077,carrots,Europe,ORD-388086
CMP-000185,2024-04-22 02:18:31,CUST-1725,web,Shipment ORD-954814 stuck in transit for 7 days. This is causing major disruptions to our supply chain.,Delivery Delay,low,SUP-11945,tomatoes,North America,ORD-954814
CMP-000186,2024-04-22 16:55:47,CUST-2330,email,My order #ORD-999908 was supposed to arrive on 2025-11-01 but it's now 8 days late. This is unacceptable for perishable goods.,Delivery Delay,low,SUP-9094,cherries,Europe,ORD-999908
CMP-000187,2024-04-23 07:33:03,CUST-2606,web,Critical delay on order ORD-776234. The cherries were time-sensitive and now may be unusable.,Delivery Delay,medium,SUP-10606,grapes,North America,ORD-776234
CMP-000188,2024-04-23 22:10:20,CUST-2347,email,"Delivery delay for shipment ORD-690882. Expected 2025-10-30, still not received. Our customers are waiting.",Delivery Delay,medium,SUP-6330,onions,Asia,ORD-690882
CMP-000189,2024-04-24 12:47:36,CUST-2709,social,Quality control failure on order ORD-694223. avocados are contaminated and cannot be sold.,Quality Issues,low,SUP-5439,lettuce,Europe,ORD-694223
CMP-000190,2024-04-25 03:24:53,CUST-2717,email,Unacceptable quality for shipment ORD-343420. The garlic do not meet our quality standards.,Quality Issues,medium,SUP-9019,oranges,Europe,ORD-343420
CMP-000191,2024-04-25 18:02:09,CUST-2927,social,Shipment ORD-679902 stuck in transit for 12 days. This is causing major disruptions to our supply chain.,Delivery Delay,medium,SUP-8112,watermelons,North America,ORD-679902
CMP-000192,2024-04-26 08:39:26,CUST-2514,social,Received only partial order ORD-261771. Where are the remaining 24 blueberries?,Missing Items,high,SUP-6535,spinach,Europe,ORD-261771
CMP-000193,2024-04-26 23:16:42,CUST-2136,social,No response to my emails about order ORD-684041. I've been trying to reach support for 7 days.,Poor Communication,medium,SUP-7390,spinach,Europe,ORD-684041
CMP-000194,2024-04-27 13:53:59,CUST-1173,app,"Order ORD-917018 completely ruined. carrots arrived in terrible condition, cannot be sold.",Damaged Goods,medium,SUP-6369,spinach,Europe,ORD-917018
CMP-000195,2024-04-28 04:31:15,CUST-1613,social,No response to my emails about order ORD-541557. I've been trying to reach support for 5 days.,Poor Communication,medium,SUP-7495,organic apples,Europe,ORD-541557
CMP-000196,2024-04-28 19:08:32,CUST-2723,social,Customer service rep was very unprofessional when I called about order ORD-448354.,Service Complaint,medium,SUP-6645,broccoli,Europe,ORD-448354
CMP-000197,2024-04-29 09:45:48,CUST-2975,social,Quality issue with order ORD-286266. The mangoes show signs of improper handling during transport.,Damaged Goods,high,SUP-7990,lettuce,North America,ORD-286266
CMP-000198,2024-04-30 00:23:05,CUST-2212,app,"Order ORD-309505 completely ruined. organic apples arrived in terrible condition, cannot be sold.",Damaged Goods,critical,SUP-11708,cherries,Europe,ORD-309505
CMP-000199,2024-04-30 15:00:21,CUST-2022,app,Unacceptable quality for shipment ORD-805668. The oranges do not meet our quality standards.,Quality Issues,high,SUP-9769,raspberries,North America,ORD-805668
CMP-000200,2024-05-01 05:37:38,CUST-2891,social,Cannot get anyone to respond about order ORD-631221 delay. Very frustrated with the service.,Poor Communication,medium,SUP-10387,limes,Europe,ORD-631221
CMP-000201,2024-05-01 20:14:54,CUST-2325,email,Critical delay on order ORD-274418. The lemons were time-sensitive and now may be unusable.,Delivery Delay,high,SUP-9183,cantaloupe,North America,ORD-274418
CMP-000202,2024-05-02 10:52:11,CUST-2188,app,Pricing error detected. Order ORD-685098 billed at $5336 instead of agreed $4599.,Pricing Error,high,SUP-8954,lettuce,Europe,ORD-685098
CMP-000203,2024-05-03 01:29:27,CUST-2885,email,Received order ORD-536181 with 42% of pears damaged. Packaging was inadequate.,Damaged Goods,critical,SUP-8900,lettuce,Europe,ORD-536181
CMP-000204,2024-05-03 16:06:44,CUST-2426,social,Quality issue with order ORD-857065. The tomatoes show signs of improper handling during transport.,Damaged Goods,low,SUP-11554,cucumbers,North America,ORD-857065
CMP-000205,2024-05-04 06:44:00,CUST-2056,app,Incorrect shipping documents for ORD-355761. Supplier name and details are wrong.,Documentation Error,low,SUP-8540,raspberries,Asia,ORD-355761
CMP-000206,2024-05-04 21:21:16,CUST-2257,app,"Damaged goods in shipment ORD-873207. Temperature control appears to have failed, onions are spoiled.",Damaged Goods,critical,SUP-11520,tomatoes,North America,ORD-873207
CMP-000207,2024-05-05 11:58:33,CUST-2637,app,Customer service rep was very unprofessional when I called about order ORD-206694.,Service Complaint,medium,SUP-9890,raspberries,North America,ORD-206694
CMP-000208,2024-05-06 02:35:49,CUST-2202,email,Received only partial order ORD-511612. Where are the remaining 48 blueberries?,Missing Items,medium,SUP-5965,oranges,Europe,ORD-511612
CMP-000209,2024-05-06 17:13:06,CUST-1374,web,Shipment ORD-222629 arrived with crushed boxes. Multiple carrots units are unsellable.,Damaged Goods,medium,SUP-9402,watermelons,North America,ORD-222629
CMP-000210,2024-05-07 07:50:22,CUST-2136,app,Order ORD-281649 missing items. Expected 417 but received only 53 mangoes.,Missing Items,high,SUP-6118,bananas,Europe,ORD-281649
CMP-000211,2024-05-07 22:27:39,CUST-2035,social,"Freshness issue with order ORD-688861. limes appear to be several days old, not fresh picked.",Quality Issues,high,SUP-11234,oranges,Europe,ORD-688861
CMP-000212,2024-05-08 13:04:55,CUST-1562,app,Critical delay on order ORD-134283. The mangoes were time-sensitive and now may be unusable.,Delivery Delay,medium,SUP-11349,potatoes,Europe,ORD-134283
CMP-000213,2024-05-09 03:42:12,CUST-2684,email,Shipment ORD-668373 stuck in transit for 5 days. This is causing major disruptions to our supply chain.,Delivery Delay,medium,SUP-8684,grapes,Europe,ORD-668373
CMP-000214,2024-05-09 18:19:28,CUST-1178,social,Invoice ORD-956401 shows incorrect pricing. We were quoted $4007 but charged $4673.,Pricing Error,high,SUP-11429,bananas,Asia,ORD-956401
CMP-000215,2024-05-10 08:56:45,CUST-1121,web,"Order ORD-944565 completely ruined. grapes arrived in terrible condition, cannot be sold.",Damaged Goods,medium,SUP-9214,asparagus,North America,ORD-944565
CMP-000216,2024-05-10 23:34:01,CUST-1195,app,Shipment ORD-954779 stuck in transit for 6 days. This is causing major disruptions to our supply chain.,Delivery Delay,high,SUP-11910,limes,Europe,ORD-954779
CMP-000217,2024-05-11 14:11:18,CUST-1291,web,Order ORD-613234 missing items. Expected 306 but received only 82 raspberries.,Missing Items,low,SUP-8724,broccoli,Europe,ORD-613234
CMP-000218,2024-05-12 04:48:34,CUST-1005,email,Shipment ORD-710224 stuck in transit for 12 days. This is causing major disruptions to our supply chain.,Delivery Delay,high,SUP-6735,broccoli,Europe,ORD-710224
CMP-000219,2024-05-12 19:25:51,CUST-2696,web,Order ORD-438548 is severely delayed. We needed these potatoes by 2025-10-27 for our retail operations.,Delivery Delay,high,SUP-11421,pears,Europe,ORD-438548
CMP-000220,2024-05-13 10:03:07,CUST-1254,app,Been waiting 8 days for update on order ORD-117072. This lack of communication is unprofessional.,Poor Communication,low,SUP-5764,lemons,Europe,ORD-117072
CMP-000221,2024-05-14 00:40:24,CUST-1168,web,"Delivery delay for shipment ORD-362552. Expected 2025-10-27, still not received. Our customers are waiting.",Delivery Delay,critical,SUP-5779,organic apples,Asia,ORD-362552
CMP-000222,2024-05-14 15:17:40,CUST-1159,app,"Order ORD-599968 completely ruined. oranges arrived in terrible condition, cannot be sold.",Damaged Goods,medium,SUP-10685,bell peppers,Europe,ORD-599968
CMP-000223,2024-05-15 05:54:56,CUST-1468,social,Quality of cantaloupe in order ORD-174268 is substandard. Items are not fresh as promised.,Quality Issues,critical,SUP-11169,cherries,Asia,ORD-174268
CMP-000224,2024-05-15 20:32:13,CUST-2386,app,Delivery driver for order ORD-772741 was extremely rude and unprofessional.,Service Complaint,medium,SUP-11129,bell peppers,Europe,ORD-772741
CMP-000225,2024-05-16 11:09:29,CUST-2406,social,Shipment ORD-746002 arrived with crushed boxes. Multiple tomatoes units are unsellable.,Damaged Goods,low,SUP-7576,peaches,Asia,ORD-746002
CMP-000226,2024-05-17 01:46:46,CUST-1567,email,Order ORD-359822 contains potatoes that are already showing signs of spoilage upon arrival.,Quality Issues,high,SUP-9174,bananas,North America,ORD-359822
CMP-000227,2024-05-17 16:24:02,CUST-1605,email,Billing discrepancy on order ORD-510780. The unit price for broccoli doesn't match our contract.,Pricing Error,high,SUP-7958,avocados,Asia,ORD-510780
CMP-000228,2024-05-18 07:01:19,CUST-2762,social,Order ORD-505629 is severely delayed. We needed these potatoes by 2025-11-01 for our retail operations.,Delivery Delay,medium,SUP-7147,bananas,Asia,ORD-505629
CMP-000229,2024-05-18 21:38:35,CUST-2942,social,Critical delay on order ORD-163406. The mangoes were time-sensitive and now may be unusable.,Delivery Delay,medium,SUP-9404,garlic,Asia,ORD-163406
CMP-000230,2024-05-19 12:15:52,CUST-1171,web,My order #ORD-390946 was supposed to arrive on 2025-10-29 but it's now 5 days late. This is unacceptable for perishable goods.,Delivery Delay,low,SUP-10979,cherries,Asia,ORD-390946
CMP-000231,2024-05-20 02:53:08,CUST-1500,email,Shipment ORD-160718 stuck in transit for 9 days. This is causing major disruptions to our supply chain.,Delivery Delay,medium,SUP-6124,watermelons,Asia,ORD-160718
CMP-000232,2024-05-20 17:30:25,CUST-2016,web,Cannot get anyone to respond about order ORD-271790 delay. Very frustrated with the service.,Poor Communication,medium,SUP-11319,asparagus,Asia,ORD-271790
CMP-000233,2024-05-21 08:07:41,CUST-2652,social,Customer service rep was very unprofessional when I called about order ORD-451284.,Service Complaint,medium,SUP-5454,broccoli,North America,ORD-451284
CMP-000234,2024-05-21 22:44:58,CUST-1753,app,Quality issue with order ORD-274987. The pineapples show signs of improper handling during transport.,Damaged Goods,critical,SUP-7981,raspberries,Asia,ORD-274987
CMP-000235,2024-05-22 13:22:14,CUST-2907,email,"Order ORD-287654 completely ruined. peaches arrived in terrible condition, cannot be sold.",Damaged Goods,critical,SUP-9682,blueberries,Asia,ORD-287654
CMP-000236,2024-05-23 03:59:31,CUST-2378,email,"Delivery delay for shipment ORD-626428. Expected 2025-10-30, still not received. Our customers are waiting.",Delivery Delay,critical,SUP-7681,tomatoes,North America,ORD-626428
CMP-000237,2024-05-23 18:36:47,CUST-1016,web,"Delivery delay for shipment ORD-578933. Expected 2025-10-29, still not received. Our customers are waiting.",Delivery Delay,high,SUP-11329,pineapples,Asia,ORD-578933
CMP-000238,2024-05-24 09:14:04,CUST-2844,app,Billing discrepancy on order ORD-868043. The unit price for organic apples doesn't match our contract.,Pricing Error,critical,SUP-11217,limes,Europe,ORD-868043
CMP-000239,2024-05-24 23:51:20,CUST-2511,web,My order #ORD-990247 was supposed to arrive on 2025-10-31 but it's now 10 days late. This is unacceptable for perishable goods.,Delivery Delay,medium,SUP-12350,cherries,North America,ORD-990247
CMP-000240,2024-05-25 14:28:37,CUST-2435,web,Unacceptable behavior from your team handling order ORD-533121. Need to speak with a manager.,Service Complaint,medium,SUP-8563,limes,Asia,ORD-533121
CMP-000241,2024-05-26 05:05:53,CUST-1597,web,Received only partial order ORD-348273. Where are the remaining 33 peaches?,Missing Items,medium,SUP-11389,pineapples,North America,ORD-348273
CMP-000242,2024-05-26 19:43:09,CUST-1318,email,Billing discrepancy on order ORD-214266. The unit price for kale doesn't match our contract.,Pricing Error,medium,SUP-7170,cherries,Asia,ORD-214266
CMP-000243,2024-05-27 10:20:26,CUST-1322,web,Incomplete delivery for ORD-194813. 10 cases of fresh strawberries are missing from the shipment.,Missing Items,high,SUP-10547,mangoes,Europe,ORD-194813
CMP-000244,2024-05-28 00:57:42,CUST-1356,email,Shipment ORD-959926 stuck in transit for 9 days. This is causing major disruptions to our supply chain.,Delivery Delay,medium,SUP-6145,lettuce,Asia,ORD-959926
CMP-000245,2024-05-28 15:34:59,CUST-2700,app,Poor service experience with shipment ORD-164664. Staff was unhelpful and dismissive.,Service Complaint,high,SUP-5178,tomatoes,Asia,ORD-164664
CMP-000246,2024-05-29 06:12:15,CUST-1908,app,Invoice ORD-777366 shows incorrect pricing. We were quoted $1876 but charged $2757.,Pricing Error,medium,SUP-11731,cantaloupe,Europe,ORD-777366
CMP-000247,2024-05-29 20:49:32,CUST-1060,social,"Damaged goods in shipment ORD-620226. Temperature control appears to have failed, cucumbers are spoiled.",Damaged Goods,medium,SUP-10030,garlic,North America,ORD-620226
CMP-000248,2024-05-30 11:26:48,CUST-2325,web,Pricing error detected. Order ORD-357724 billed at $2058 instead of agreed $1624.,Pricing Error,medium,SUP-12247,peaches,North America,ORD-357724
CMP-000249,2024-05-31 02:04:05,CUST-2291,email,Order ORD-361250 missing items. Expected 500 but received only 81 peaches.,Missing Items,low,SUP-7634,raspberries,Europe,ORD-361250
CMP-000250,2024-05-31 16:41:21,CUST-1053,web,Service quality is deteriorating. Multiple issues with order ORD-288550 and no one seems to care.,Service Complaint,critical,SUP-7030,limes,Asia,ORD-288550
CMP-000251,2024-06-01 07:18:38,CUST-2092,email,Shipment ORD-379473 short by 16 items. Packing list doesn't match actual delivery.,Missing Items,medium,SUP-7939,onions,Asia,ORD-379473
CMP-000252,2024-06-01 21:55:54,CUST-2434,web,"Order ORD-837623 completely ruined. onions arrived in terrible condition, cannot be sold.",Damaged Goods,high,SUP-5460,oranges,North America,ORD-837623
CMP-000253,2024-06-02 12:33:11,CUST-1040,social,Order ORD-329437 is incomplete. Missing 13 units of avocados.,Missing Items,medium,SUP-12112,avocados,Asia,ORD-329437
CMP-000254,2024-06-03 03:10:27,CUST-1302,app,Missing certificates for order ORD-122977. Cannot clear customs without proper documentation.,Documentation Error,medium,SUP-7472,avocados,Asia,ORD-122977
CMP-000255,2024-06-03 17:47:44,CUST-2499,social,Unacceptable behavior from your team handling order ORD-265154. Need to speak with a manager.,Service Complaint,medium,SUP-11672,cucumbers,Europe,ORD-265154
CMP-000256,2024-06-04 08:25:00,CUST-2503,web,Shipment ORD-421727 short by 49 items. Packing list doesn't match actual delivery.,Missing Items,medium,SUP-12545,peaches,North America,ORD-421727
CMP-000257,2024-06-04 23:02:17,CUST-2309,email,Unacceptable behavior from your team handling order ORD-331625. Need to speak with a manager.,Service Complaint,high,SUP-10235,cantaloupe,Europe,ORD-331625
CMP-000258,2024-06-05 13:39:33,CUST-1023,web,"Delivery delay for shipment ORD-568325. Expected 2025-10-29, still not received. Our customers are waiting.",Delivery Delay,low,SUP-11001,spinach,Asia,ORD-568325
CMP-000259,2024-06-06 04:16:50,CUST-2009,social,Quality issue with order ORD-534130. The potatoes show signs of improper handling during transport.,Damaged Goods,high,SUP-11547,cherries,Asia,ORD-534130
CMP-000260,2024-06-06 18:54:06,CUST-1041,web,Customer service rep was very unprofessional when I called about order ORD-409234.,Service Complaint,low,SUP-7768,garlic,North America,ORD-409234
CMP-000261,2024-06-07 09:31:22,CUST-2442,email,Order ORD-606186 missing items. Expected 151 but received only 71 lemons.,Missing Items,medium,SUP-10711,potatoes,North America,ORD-606186
CMP-000262,2024-06-08 00:08:39,CUST-2106,web,Customer service rep was very unprofessional when I called about order ORD-865433.,Service Complaint,high,SUP-5031,spinach,Asia,ORD-865433
CMP-000263,2024-06-08 14:45:55,CUST-2687,social,Order ORD-408857 contains lettuce that are already showing signs of spoilage upon arrival.,Quality Issues,high,SUP-11429,raspberries,Europe,ORD-408857
CMP-000264,2024-06-09 05:23:12,CUST-2832,web,Invoice ORD-612855 shows incorrect pricing. We were quoted $2028 but charged $2592.,Pricing Error,low,SUP-8602,kale,Europe,ORD-612855
CMP-000265,2024-06-09 20:00:28,CUST-2714,web,Critical delay on order ORD-337232. The fresh strawberries were time-sensitive and now may be unusable.,Delivery Delay,high,SUP-6863,potatoes,Asia,ORD-337232
CMP-000266,2024-06-10 10:37:45,CUST-1792,social,Quality control failure on order ORD-981639. limes are contaminated and cannot be sold.,Quality Issues,critical,SUP-11557,onions,North America,ORD-981639
CMP-000267,2024-06-11 01:15:01,CUST-1301,email,Unacceptable behavior from your team handling order ORD-750403. Need to speak with a manager.,Service Complaint,medium,SUP-8566,bananas,North America,ORD-750403
CMP-000268,2024-06-11 15:52:18,CUST-2708,web,"Terrible communication regarding shipment ORD-255061. No tracking updates, no responses to calls.",Poor Communication,high,SUP-8753,cherries,Asia,ORD-255061
CMP-000269,2024-06-12 06:29:34,CUST-2434,social,Quality of spinach in order ORD-924758 is substandard. Items are not fresh as promised.,Quality Issues,medium,SUP-11386,lettuce,Europe,ORD-924758
CMP-000270,2024-06-12 21:06:51,CUST-2802,web,Pricing error detected. Order ORD-661652 billed at $2311 instead of agreed $1910.,Pricing Error,low,SUP-10064,garlic,North America,ORD-661652
CMP-000271,2024-06-13 11:44:07,CUST-1822,email,Unacceptable behavior from your team handling order ORD-827356. Need to speak with a manager.,Service Complaint,medium,SUP-7482,mangoes,Europe,ORD-827356
CMP-000272,2024-06-14 02:21:24,CUST-2006,email,Shipment ORD-983788 arrived with crushed boxes. Multiple bell peppers units are unsellable.,Damaged Goods,high,SUP-6539,kale,Asia,ORD-983788
CMP-000273,2024-06-14 16:58:40,CUST-1833,social,Incomplete delivery for ORD-963994. 15 cases of cherries are missing from the shipment.,Missing Items,medium,SUP-11973,carrots,North America,ORD-963994
CMP-000274,2024-06-15 07:35:57,CUST-1355,app,"Delivery delay for shipment ORD-130354. Expected 2025-10-26, still not received. Our customers are waiting.",Delivery Delay,medium,SUP-8802,carrots,Europe,ORD-130354
CMP-000275,2024-06-15 22:13:13,CUST-2890,email,Invoice ORD-766275 shows incorrect pricing. We were quoted $3365 but charged $4164.,Pricing Error,medium,SUP-12327,grapes,North America,ORD-766275
CMP-000276,2024-06-16 12:50:30,CUST-2410,email,Overcharged on shipment ORD-971230. Please review and issue credit for $830.,Pricing Error,high,SUP-6693,grapes,North America,ORD-971230
CMP-000277,2024-06-17 03:27:46,CUST-2051,email,Order ORD-529399 is incomplete. Missing 5 units of broccoli.,Missing Items,medium,SUP-10265,grapes,Europe,ORD-529399
CMP-000278,2024-06-17 18:05:03,CUST-2744,web,Order ORD-494763 missing required quality certificates. Need these urgently for compliance.,Documentation Error,medium,SUP-9190,limes,Europe,ORD-494763
CMP-000279,2024-06-18 08:42:19,CUST-2325,web,Order ORD-688730 is severely delayed. We needed these limes by 2025-10-30 for our retail operations.,Delivery Delay,low,SUP-10374,watermelons,North America,ORD-688730
CMP-000280,2024-06-18 23:19:35,CUST-1385,app,Cannot get anyone to respond about order ORD-413305 delay. Very frustrated with the service.,Poor Communication,medium,SUP-5208,lemons,Europe,ORD-413305
CMP-000281,2024-06-19 13:56:52,CUST-1531,social,Been waiting 2 days for update on order ORD-409963. This lack of communication is unprofessional.,Poor Communication,low,SUP-10622,potatoes,North America,ORD-409963
CMP-000282,2024-06-20 04:34:08,CUST-1974,web,Critical delay on order ORD-923024. The mangoes were time-sensitive and now may be unusable.,Delivery Delay,low,SUP-11621,potatoes,Asia,ORD-923024
CMP-000283,2024-06-20 19:11:25,CUST-2842,web,Received order ORD-812730 with 67% of oranges damaged. Packaging was inadequate.,Damaged Goods,high,SUP-8799,cherries,Asia,ORD-812730
CMP-000284,2024-06-21 09:48:41,CUST-1109,email,"Damaged goods in shipment ORD-593393. Temperature control appears to have failed, asparagus are spoiled.",Damaged Goods,high,SUP-11997,bell peppers,Asia,ORD-593393
CMP-000285,2024-06-22 00:25:58,CUST-1701,social,Incorrect shipping documents for ORD-310026. Supplier name and details are wrong.,Documentation Error,low,SUP-6448,avocados,North America,ORD-310026
CMP-000286,2024-06-22 15:03:14,CUST-1009,social,Overcharged on shipment ORD-160831. Please review and issue credit for $185.,Pricing Error,medium,SUP-10189,spinach,Europe,ORD-160831
CMP-000287,2024-06-23 05:40:31,CUST-2976,social,"Damaged goods in shipment ORD-549865. Temperature control appears to have failed, organic apples are spoiled.",Damaged Goods,high,SUP-5033,lemons,North America,ORD-549865
CMP-000288,2024-06-23 20:17:47,CUST-1463,web,Unacceptable quality for shipment ORD-360909. The bell peppers do not meet our quality standards.,Quality Issues,critical,SUP-12769,mangoes,Europe,ORD-360909
CMP-000289,2024-06-24 10:55:04,CUST-2065,web,Shipment ORD-863187 stuck in transit for 12 days. This is causing major disruptions to our supply chain.,Delivery Delay,high,SUP-8304,organic apples,Asia,ORD-863187
CMP-000290,2024-06-25 01:32:20,CUST-2489,app,Billing discrepancy on order ORD-335217. The unit price for cantaloupe doesn't match our contract.,Pricing Error,low,SUP-7095,pineapples,North America,ORD-335217
CMP-000291,2024-06-25 16:09:37,CUST-1099,email,Invoice ORD-753404 shows incorrect pricing. We were quoted $3615 but charged $4155.,Pricing Error,critical,SUP-8886,watermelons,Asia,ORD-753404
CMP-000292,2024-06-26 06:46:53,CUST-2423,email,Overcharged on shipment ORD-315477. Please review and issue credit for $434.,Pricing Error,medium,SUP-9190,cantaloupe,North America,ORD-315477
CMP-000293,2024-06-26 21:24:10,CUST-1578,email,Order ORD-223453 is incomplete. Missing 21 units of broccoli.,Missing Items,medium,SUP-6313,fresh strawberries,North America,ORD-223453
CMP-000294,2024-06-27 12:01:26,CUST-2864,app,Shipment ORD-620465 stuck in transit for 5 days. This is causing major disruptions to our supply chain.,Delivery Delay,low,SUP-11385,carrots,Asia,ORD-620465
CMP-000295,2024-06-28 02:38:43,CUST-2481,email,Order ORD-858711 is severely delayed. We needed these lemons by 2025-10-26 for our retail operations.,Delivery Delay,low,SUP-5323,cherries,Europe,ORD-858711
CMP-000296,2024-06-28 17:15:59,CUST-2641,web,Shipment ORD-477712 stuck in transit for 3 days. This is causing major disruptions to our supply chain.,Delivery Delay,medium,SUP-12824,garlic,Europe,ORD-477712
CMP-000297,2024-06-29 07:53:15,CUST-1190,web,Order ORD-868677 is severely delayed. We needed these cucumbers by 2025-10-27 for our retail operations.,Delivery Delay,medium,SUP-12259,peaches,Asia,ORD-868677
CMP-000298,2024-06-29 22:30:32,CUST-1271,email,Paperwork for shipment ORD-218548 has wrong product codes. This is delaying our processing.,Documentation Error,medium,SUP-7937,garlic,Asia,ORD-218548
CMP-000299,2024-06-30 13:07:48,CUST-2802,app,Order ORD-817712 missing items. Expected 132 but received only 66 broccoli.,Missing Items,medium,SUP-10553,carrots,North America,ORD-817712
CMP-000300,2024-07-01 03:45:05,CUST-2482,app,Order ORD-704660 is severely delayed. We needed these carrots by 2025-10-27 for our retail operations.,Delivery Delay,low,SUP-10254,raspberries,Asia,ORD-704660
CMP-000301,2024-07-01 18:22:21,CUST-2692,email,My order #ORD-979789 was supposed to arrive on 2025-10-30 but it's now 4 days late. This is unacceptable for perishable goods.,Delivery Delay,medium,SUP-6973,avocados,Europe,ORD-979789
CMP-000302,2024-07-02 08:59:38,CUST-2038,app,Critical delay on order ORD-152796. The lemons were time-sensitive and now may be unusable.,Delivery Delay,low,SUP-5721,cherries,Europe,ORD-152796
CMP-000303,2024-07-02 23:36:54,CUST-1647,email,Shipment ORD-568784 stuck in transit for 12 days. This is causing major disruptions to our supply chain.,Delivery Delay,medium,SUP-11486,garlic,North America,ORD-568784
CMP-000304,2024-07-03 14:14:11,CUST-1623,app,Shipment ORD-768507 stuck in transit for 7 days. This is causing major disruptions to our supply chain.,Delivery Delay,medium,SUP-10864,kale,Asia,ORD-768507
CMP-000305,2024-07-04 04:51:27,CUST-2555,app,Invoice ORD-202170 shows incorrect pricing. We were quoted $1370 but charged $1532.,Pricing Error,medium,SUP-9033,bell peppers,North America,ORD-202170
CMP-000306,2024-07-04 19:28:44,CUST-2477,social,My order #ORD-878579 was supposed to arrive on 2025-10-31 but it's now 11 days late. This is unacceptable for perishable goods.,Delivery Delay,high,SUP-10871,avocados,Asia,ORD-878579
CMP-000307,2024-07-05 10:06:00,CUST-1848,email,Incomplete delivery for ORD-893928. 47 cases of lettuce are missing from the shipment.,Missing Items,low,SUP-9344,cantaloupe,Asia,ORD-893928
CMP-000308,2024-07-06 00:43:17,CUST-2915,social,Incorrect shipping documents for ORD-680099. Supplier name and details are wrong.,Documentation Error,high,SUP-9919,garlic,Europe,ORD-680099
CMP-000309,2024-07-06 15:20:33,CUST-2805,social,Shipment ORD-628597 stuck in transit for 13 days. This is causing major disruptions to our supply chain.,Delivery Delay,medium,SUP-8381,garlic,North America,ORD-628597
CMP-000310,2024-07-07 05:57:50,CUST-2049,web,Quality control failure on order ORD-884782. cherries are contaminated and cannot be sold.,Quality Issues,high,SUP-6086,watermelons,North America,ORD-884782
CMP-000311,2024-07-07 20:35:06,CUST-2031,web,My order #ORD-286450 was supposed to arrive on 2025-10-26 but it's now 7 days late. This is unacceptable for perishable goods.,Delivery Delay,medium,SUP-9373,mangoes,Europe,ORD-286450
CMP-000312,2024-07-08 11:12:23,CUST-1026,email,Received order ORD-947568 with 62% of raspberries damaged. Packaging was inadequate.,Damaged Goods,high,SUP-7052,bell peppers,Asia,ORD-947568
CMP-000313,2024-07-09 01:49:39,CUST-2606,web,Shipment ORD-824141 short by 33 items. Packing list doesn't match actual delivery.,Missing Items,medium,SUP-8185,oranges,North America,ORD-824141
CMP-000314,2024-07-09 16:26:56,CUST-2631,web,Invoice ORD-922405 shows incorrect pricing. We were quoted $940 but charged $1038.,Pricing Error,medium,SUP-6663,garlic,Europe,ORD-922405
CMP-000315,2024-07-10 07:04:12,CUST-1461,web,Critical delay on order ORD-970300. The potatoes were time-sensitive and now may be unusable.,Delivery Delay,medium,SUP-6531,cucumbers,North America,ORD-970300
CMP-000316,2024-07-10 21:41:28,CUST-1244,social,No response to my emails about order ORD-638807. I've been trying to reach support for 10 days.,Poor Communication,high,SUP-10813,bell peppers,Asia,ORD-638807
CMP-000317,2024-07-11 12:18:45,CUST-2901,web,Invoice ORD-261169 has wrong prices for fresh strawberries. This needs immediate correction.,Pricing Error,medium,SUP-9304,oranges,Asia,ORD-261169
CMP-000318,2024-07-12 02:56:01,CUST-1139,app,Shipment ORD-645895 stuck in transit for 10 days. This is causing major disruptions to our supply chain.,Delivery Delay,medium,SUP-6789,pineapples,North America,ORD-645895
CMP-000319,2024-07-12 17:33:18,CUST-1972,email,Invoice ORD-656268 shows incorrect pricing. We were quoted $2497 but charged $3704.,Pricing Error,low,SUP-12255,avocados,Europe,ORD-656268
CMP-000320,2024-07-13 08:10:34,CUST-2935,email,"Damaged goods in shipment ORD-934883. Temperature control appears to have failed, grapes are spoiled.",Damaged Goods,medium,SUP-8987,fresh strawberries,Europe,ORD-934883
CMP-000321,2024-07-13 22:47:51,CUST-1394,web,Critical delay on order ORD-783176. The tomatoes were time-sensitive and now may be unusable.,Delivery Delay,medium,SUP-11337,bananas,North America,ORD-783176
CMP-000322,2024-07-14 13:25:07,CUST-2711,email,"Delivery delay for shipment ORD-544815. Expected 2025-10-27, still not received. Our customers are waiting.",Delivery Delay,medium,SUP-7717,fresh strawberries,Asia,ORD-544815
CMP-000323,2024-07-15 04:02:24,CUST-1111,app,Order ORD-176806 is severely delayed. We needed these potatoes by 2025-10-29 for our retail operations.,Delivery Delay,high,SUP-7591,organic apples,Europe,ORD-176806
CMP-000324,2024-07-15 18:39:40,CUST-1242,email,Incomplete delivery for ORD-806004. 9 cases of tomatoes are missing from the shipment.,Missing Items,medium,SUP-7468,garlic,Asia,ORD-806004
CMP-000325,2024-07-16 09:16:57,CUST-2567,social,"Freshness issue with order ORD-395192. raspberries appear to be several days old, not fresh picked.",Quality Issues,high,SUP-11532,cherries,North America,ORD-395192
CMP-000326,2024-07-16 23:54:13,CUST-2966,app,Order ORD-409307 is severely delayed. We needed these limes by 2025-11-01 for our retail operations.,Delivery Delay,medium,SUP-9691,garlic,Europe,ORD-409307
CMP-000327,2024-07-17 14:31:30,CUST-2121,email,Received only partial order ORD-663244. Where are the remaining 31 bananas?,Missing Items,high,SUP-10053,pears,Europe,ORD-663244
CMP-000328,2024-07-18 05:08:46,CUST-1234,app,Invoice ORD-303765 has wrong prices for cherries. This needs immediate correction.,Pricing Error,low,SUP-5804,bananas,North America,ORD-303765
CMP-000329,2024-07-18 19:46:03,CUST-1997,web,Quality issue with order ORD-708798. The bell peppers show signs of improper handling during transport.,Damaged Goods,medium,SUP-7689,garlic,North America,ORD-708798
CMP-000330,2024-07-19 10:23:19,CUST-2420,app,Incomplete delivery for ORD-420523. 15 cases of onions are missing from the shipment.,Missing Items,medium,SUP-11060,lemons,Europe,ORD-420523
CMP-000331,2024-07-20 01:00:36,CUST-2720,web,Shipment ORD-390119 arrived with crushed boxes. Multiple limes units are unsellable.,Damaged Goods,critical,SUP-9519,lettuce,Asia,ORD-390119
CMP-000332,2024-07-20 15:37:52,CUST-2242,email,Received only partial order ORD-776909. Where are the remaining 21 cherries?,Missing Items,medium,SUP-11959,carrots,North America,ORD-776909
CMP-000333,2024-07-21 06:15:09,CUST-2664,social,Critical delay on order ORD-132709. The bananas were time-sensitive and now may be unusable.,Delivery Delay,low,SUP-12302,pineapples,North America,ORD-132709
CMP-000334,2024-07-21 20:52:25,CUST-2755,web,Shipment ORD-868844 arrived with crushed boxes. Multiple kale units are unsellable.,Damaged Goods,medium,SUP-12897,peaches,North America,ORD-868844
CMP-000335,2024-07-22 11:29:41,CUST-1339,app,Shipment ORD-817395 stuck in transit for 4 days. This is causing major disruptions to our supply chain.,Delivery Delay,medium,SUP-5514,grapes,Europe,ORD-817395
CMP-000336,2024-07-23 02:06:58,CUST-1087,app,Critical delay on order ORD-345386. The peaches were time-sensitive and now may be unusable.,Delivery Delay,high,SUP-10190,pears,Europe,ORD-345386
CMP-000337,2024-07-23 16:44:14,CUST-2519,web,Critical delay on order ORD-975427. The potatoes were time-sensitive and now may be unusable.,Delivery Delay,medium,SUP-12968,oranges,North America,ORD-975427
CMP-000338,2024-07-24 07:21:31,CUST-1722,web,Pricing error detected. Order ORD-525556 billed at $2695 instead of agreed $2384.,Pricing Error,critical,SUP-7300,bananas,Asia,ORD-525556
CMP-000339,2024-07-24 21:58:47,CUST-1322,web,Critical delay on order ORD-295984. The watermelons were time-sensitive and now may be unusable.,Delivery Delay,medium,SUP-6726,onions,Asia,ORD-295984
CMP-000340,2024-07-25 12:36:04,CUST-2706,social,Delivery driver for order ORD-778700 was extremely rude and unprofessional.,Service Complaint,high,SUP-6203,fresh strawberries,Asia,ORD-778700
CMP-000341,2024-07-26 03:13:20,CUST-2889,app,Quality control failure on order ORD-370804. raspberries are contaminated and cannot be sold.,Quality Issues,medium,SUP-12104,broccoli,Asia,ORD-370804
CMP-000342,2024-07-26 17:50:37,CUST-2700,social,Critical delay on order ORD-330019. The bell peppers were time-sensitive and now may be unusable.,Delivery Delay,medium,SUP-12555,kale,North America,ORD-330019
CMP-000343,2024-07-27 08:27:53,CUST-1140,app,Unacceptable behavior from your team handling order ORD-719284. Need to speak with a manager.,Service Complaint,medium,SUP-5788,cucumbers,Europe,ORD-719284
CMP-000344,2024-07-27 23:05:10,CUST-2228,email,Incomplete delivery for ORD-744610. 35 cases of carrots are missing from the shipment.,Missing Items,medium,SUP-10558,lemons,Europe,ORD-744610
CMP-000345,2024-07-28 13:42:26,CUST-1861,web,No response to my emails about order ORD-647403. I've been trying to reach support for 8 days.,Poor Communication,low,SUP-12437,pineapples,North America,ORD-647403
CMP-000346,2024-07-29 04:19:43,CUST-1200,social,Shipment ORD-704106 arrived with crushed boxes. Multiple grapes units are unsellable.,Damaged Goods,high,SUP-5044,watermelons,North America,ORD-704106
CMP-000347,2024-07-29 18:56:59,CUST-1014,email,Invoice ORD-927769 has wrong prices for organic apples. This needs immediate correction.,Pricing Error,low,SUP-9795,grapes,Europe,ORD-927769
CMP-000348,2024-07-30 09:34:16,CUST-2097,social,Critical delay on order ORD-996508. The blueberries were time-sensitive and now may be unusable.,Delivery Delay,medium,SUP-8952,cucumbers,Europe,ORD-996508
CMP-000349,2024-07-31 00:11:32,CUST-2136,social,Quality issue with order ORD-686252. The mangoes show signs of improper handling during transport.,Damaged Goods,high,SUP-5975,cantaloupe,Asia,ORD-686252
CMP-000350,2024-07-31 14:48:49,CUST-2603,app,My order #ORD-568288 was supposed to arrive on 2025-10-27 but it's now 10 days late. This is unacceptable for perishable goods.,Delivery Delay,medium,SUP-5043,peaches,Asia,ORD-568288
CMP-000351,2024-08-01 05:26:05,CUST-1297,social,Invoice ORD-963245 has wrong prices for spinach. This needs immediate correction.,Pricing Error,low,SUP-10029,lemons,North America,ORD-963245
CMP-000352,2024-08-01 20:03:22,CUST-2457,email,Shipment ORD-400384 arrived with crushed boxes. Multiple lemons units are unsellable.,Damaged Goods,medium,SUP-9911,carrots,North America,ORD-400384
CMP-000353,2024-08-02 10:40:38,CUST-1474,app,My order #ORD-832377 was supposed to arrive on 2025-10-29 but it's now 5 days late. This is unacceptable for perishable goods.,Delivery Delay,critical,SUP-8321,onions,Asia,ORD-832377
CMP-000354,2024-08-03 01:17:54,CUST-1031,email,Received order ORD-642892 with 78% of potatoes damaged. Packaging was inadequate.,Damaged Goods,high,SUP-8725,raspberries,North America,ORD-642892
CMP-000355,2024-08-03 15:55:11,CUST-1534,app,"Damaged goods in shipment ORD-104877. Temperature control appears to have failed, carrots are spoiled.",Damaged Goods,high,SUP-12177,potatoes,North America,ORD-104877
CMP-000356,2024-08-04 06:32:27,CUST-2421,social,Been waiting 5 days for update on order ORD-362292. This lack of communication is unprofessional.,Poor Communication,medium,SUP-5224,broccoli,Asia,ORD-362292
CMP-000357,2024-08-04 21:09:44,CUST-1138,social,Billing discrepancy on order ORD-370343. The unit price for limes doesn't match our contract.,Pricing Error,medium,SUP-11817,grapes,Asia,ORD-370343
CMP-000358,2024-08-05 11:47:00,CUST-1190,social,Quality issue with order ORD-401244. The tomatoes show signs of improper handling during transport.,Damaged Goods,critical,SUP-10596,bananas,Europe,ORD-401244
CMP-000359,2024-08-06 02:24:17,CUST-1408,app,Order ORD-872918 contains cherries that are already showing signs of spoilage upon arrival.,Quality Issues,critical,SUP-5982,tomatoes,North America,ORD-872918
CMP-000360,2024-08-06 17:01:33,CUST-2008,email,Critical delay on order ORD-795650. The fresh strawberries were time-sensitive and now may be unusable.,Delivery Delay,high,SUP-12503,carrots,Europe,ORD-795650
CMP-000361,2024-08-07 07:38:50,CUST-1454,app,Delivery driver for order ORD-517206 was extremely rude and unprofessional.,Service Complaint,low,SUP-11356,cucumbers,Europe,ORD-517206
CMP-000362,2024-08-07 22:16:06,CUST-2430,social,Order ORD-226215 is severely delayed. We needed these watermelons by 2025-10-28 for our retail operations.,Delivery Delay,high,SUP-12060,grapes,Asia,ORD-226215
CMP-000363,2024-08-08 12:53:23,CUST-1538,app,Received only partial order ORD-675210. Where are the remaining 16 broccoli?,Missing Items,high,SUP-8049,blueberries,Europe,ORD-675210
CMP-000364,2024-08-09 03:30:39,CUST-1923,app,Critical delay on order ORD-393212. The bell peppers were time-sensitive and now may be unusable.,Delivery Delay,high,SUP-8120,bananas,Asia,ORD-393212
CMP-000365,2024-08-09 18:07:56,CUST-2964,app,Shipment ORD-938900 stuck in transit for 2 days. This is causing major disruptions to our supply chain.,Delivery Delay,low,SUP-11433,broccoli,Europe,ORD-938900
CMP-000366,2024-08-10 08:45:12,CUST-2151,email,Shipment ORD-363165 stuck in transit for 13 days. This is causing major disruptions to our supply chain.,Delivery Delay,high,SUP-7128,blueberries,Europe,ORD-363165
CMP-000367,2024-08-10 23:22:29,CUST-2141,web,Received only partial order ORD-687569. Where are the remaining 48 organic apples?,Missing Items,medium,SUP-7331,blueberries,Europe,ORD-687569
CMP-000368,2024-08-11 13:59:45,CUST-2045,social,"Damaged goods in shipment ORD-805893. Temperature control appears to have failed, asparagus are spoiled.",Damaged Goods,critical,SUP-11616,avocados,Europe,ORD-805893
CMP-000369,2024-08-12 04:37:02,CUST-2254,social,Received order ORD-761938 with 34% of tomatoes damaged. Packaging was inadequate.,Damaged Goods,high,SUP-10280,raspberries,Europe,ORD-761938
CMP-000370,2024-08-12 19:14:18,CUST-2599,web,Invoice ORD-566509 has wrong prices for carrots. This needs immediate correction.,Pricing Error,medium,SUP-10740,cantaloupe,Asia,ORD-566509
CMP-000371,2024-08-13 09:51:34,CUST-1341,social,Invoice ORD-320800 shows incorrect pricing. We were quoted $3752 but charged $4913.,Pricing Error,medium,SUP-5851,grapes,North America,ORD-320800
CMP-000372,2024-08-14 00:28:51,CUST-1172,social,"Terrible communication regarding shipment ORD-262816. No tracking updates, no responses to calls.",Poor Communication,medium,SUP-5287,limes,Europe,ORD-262816
CMP-000373,2024-08-14 15:06:07,CUST-2769,social,"Damaged goods in shipment ORD-440998. Temperature control appears to have failed, cherries are spoiled.",Damaged Goods,critical,SUP-8740,lemons,North America,ORD-440998
CMP-000374,2024-08-15 05:43:24,CUST-2796,social,"Order ORD-766738 completely ruined. lemons arrived in terrible condition, cannot be sold.",Damaged Goods,high,SUP-7522,blueberries,Europe,ORD-766738
CMP-000375,2024-08-15 20:20:40,CUST-1318,web,Missing certificates for order ORD-372427. Cannot clear customs without proper documentation.,Documentation Error,medium,SUP-12757,pineapples,Europe,ORD-372427
CMP-000376,2024-08-16 10:57:57,CUST-1018,social,Order ORD-414164 is severely delayed. We needed these garlic by 2025-10-31 for our retail operations.,Delivery Delay,high,SUP-10856,cantaloupe,North America,ORD-414164
CMP-000377,2024-08-17 01:35:13,CUST-2696,social,Shipment ORD-508654 short by 20 items. Packing list doesn't match actual delivery.,Missing Items,medium,SUP-9357,peaches,Europe,ORD-508654
CMP-000378,2024-08-17 16:12:30,CUST-1385,email,"Delivery delay for shipment ORD-532961. Expected 2025-10-29, still not received. Our customers are waiting.",Delivery Delay,high,SUP-6538,avocados,Asia,ORD-532961
CMP-000379,2024-08-18 06:49:46,CUST-1101,email,Shipment ORD-259540 short by 50 items. Packing list doesn't match actual delivery.,Missing Items,medium,SUP-5120,broccoli,Asia,ORD-259540
CMP-000380,2024-08-18 21:27:03,CUST-1860,web,Order ORD-458521 missing required quality certificates. Need these urgently for compliance.,Documentation Error,medium,SUP-5584,potatoes,Europe,ORD-458521
CMP-000381,2024-08-19 12:04:19,CUST-1393,web,Shipment ORD-290425 stuck in transit for 2 days. This is causing major disruptions to our supply chain.,Delivery Delay,medium,SUP-6631,kale,North America,ORD-290425
CMP-000382,2024-08-20 02:41:36,CUST-1192,app,"Damaged goods in shipment ORD-908447. Temperature control appears to have failed, raspberries are spoiled.",Damaged Goods,high,SUP-9267,lettuce,Europe,ORD-908447
CMP-000383,2024-08-20 17:18:52,CUST-2307,web,"Delivery delay for shipment ORD-604605. Expected 2025-10-26, still not received. Our customers are waiting.",Delivery Delay,medium,SUP-7261,onions,Asia,ORD-604605
CMP-000384,2024-08-21 07:56:09,CUST-2616,app,No response to my emails about order ORD-515035. I've been trying to reach support for 9 days.,Poor Communication,high,SUP-5748,limes,North America,ORD-515035
CMP-000385,2024-08-21 22:33:25,CUST-2906,email,Received order ORD-454861 with 64% of blueberries damaged. Packaging was inadequate.,Damaged Goods,high,SUP-11459,lemons,Europe,ORD-454861
CMP-000386,2024-08-22 13:10:42,CUST-2826,social,"Delivery delay for shipment ORD-944654. Expected 2025-10-28, still not received. Our customers are waiting.",Delivery Delay,high,SUP-7414,potatoes,North America,ORD-944654
CMP-000387,2024-08-23 03:47:58,CUST-1388,app,Critical delay on order ORD-613898. The blueberries were time-sensitive and now may be unusable.,Delivery Delay,medium,SUP-7422,pears,Europe,ORD-613898
CMP-000388,2024-08-23 18:25:15,CUST-1751,social,Quality of pineapples in order ORD-667915 is substandard. Items are not fresh as promised.,Quality Issues,medium,SUP-7627,cantaloupe,Asia,ORD-667915
CMP-000389,2024-08-24 09:02:31,CUST-2980,social,Shipment ORD-790266 arrived with crushed boxes. Multiple carrots units are unsellable.,Damaged Goods,high,SUP-7638,lettuce,Asia,ORD-790266
CMP-000390,2024-08-24 23:39:47,CUST-2349,email,No response to my emails about order ORD-648615. I've been trying to reach support for 4 days.,Poor Communication,medium,SUP-9677,lemons,Europe,ORD-648615
CMP-000391,2024-08-25 14:17:04,CUST-2003,web,Order ORD-789880 is incomplete. Missing 18 units of blueberries.,Missing Items,medium,SUP-5497,blueberries,North America,ORD-789880
CMP-000392,2024-08-26 04:54:20,CUST-2921,social,Quality issue with order ORD-879592. The peaches show signs of improper handling during transport.,Damaged Goods,medium,SUP-7489,tomatoes,Asia,ORD-879592
CMP-000393,2024-08-26 19:31:37,CUST-1198,email,"Delivery delay for shipment ORD-644719. Expected 2025-10-28, still not received. Our customers are waiting.",Delivery Delay,high,SUP-8401,cantaloupe,Asia,ORD-644719
CMP-000394,2024-08-27 10:08:53,CUST-2307,web,Order ORD-903506 missing items. Expected 185 but received only 61 watermelons.,Missing Items,medium,SUP-6295,potatoes,North America,ORD-903506
CMP-000395,2024-08-28 00:46:10,CUST-2911,web,Overcharged on shipment ORD-564531. Please review and issue credit for $1081.,Pricing Error,high,SUP-9469,bananas,Europe,ORD-564531
CMP-000396,2024-08-28 15:23:26,CUST-2126,web,Order ORD-902903 is severely delayed. We needed these kale by 2025-10-30 for our retail operations.,Delivery Delay,medium,SUP-5053,mangoes,Asia,ORD-902903
CMP-000397,2024-08-29 06:00:43,CUST-2752,web,Invoice ORD-325258 shows incorrect pricing. We were quoted $1767 but charged $2010.,Pricing Error,medium,SUP-7913,bell peppers,Asia,ORD-325258
CMP-000398,2024-08-29 20:37:59,CUST-1751,app,"Delivery delay for shipment ORD-377860. Expected 2025-10-27, still not received. Our customers are waiting.",Delivery Delay,high,SUP-7659,peaches,Europe,ORD-377860
CMP-000399,2024-08-30 11:15:16,CUST-1999,email,Service quality is deteriorating. Multiple issues with order ORD-281301 and no one seems to care.,Service Complaint,medium,SUP-7850,asparagus,Europe,ORD-281301
CMP-000400,2024-08-31 01:52:32,CUST-2905,email,Shipment ORD-536754 short by 45 items. Packing list doesn't match actual delivery.,Missing Items,high,SUP-9423,onions,Asia,ORD-536754
CMP-000401,2024-08-31 16:29:49,CUST-2028,app,Customer service is unresponsive. Order ORD-442707 has issues but nobody is getting back to me.,Poor Communication,low,SUP-11441,raspberries,Asia,ORD-442707
CMP-000402,2024-09-01 07:07:05,CUST-1688,email,Order ORD-238610 missing items. Expected 234 but received only 55 onions.,Missing Items,medium,SUP-10716,bell peppers,Asia,ORD-238610
CMP-000403,2024-09-01 21:44:22,CUST-2145,app,Pricing error detected. Order ORD-604283 billed at $3012 instead of agreed $2517.,Pricing Error,medium,SUP-11363,spinach,Europe,ORD-604283
CMP-000404,2024-09-02 12:21:38,CUST-2892,email,Delivery driver for order ORD-817999 was extremely rude and unprofessional.,Service Complaint,high,SUP-11305,mangoes,Asia,ORD-817999
CMP-000405,2024-09-03 02:58:55,CUST-2262,social,Invoice ORD-466704 has wrong prices for bell peppers. This needs immediate correction.,Pricing Error,low,SUP-11985,tomatoes,Asia,ORD-466704
CMP-000406,2024-09-03 17:36:11,CUST-1111,app,Service quality is deteriorating. Multiple issues with order ORD-875507 and no one seems to care.,Service Complaint,high,SUP-6712,cantaloupe,North America,ORD-875507
CMP-000407,2024-09-04 08:13:28,CUST-1417,web,Critical delay on order ORD-322167. The broccoli were time-sensitive and now may be unusable.,Delivery Delay,high,SUP-9315,fresh strawberries,Europe,ORD-322167
CMP-000408,2024-09-04 22:50:44,CUST-1123,web,Paperwork for shipment ORD-278593 has wrong product codes. This is delaying our processing.,Documentation Error,medium,SUP-10431,cherries,North America,ORD-278593
CMP-000409,2024-09-05 13:28:00,CUST-2770,email,Order ORD-477717 is incomplete. Missing 29 units of mangoes.,Missing Items,medium,SUP-12100,garlic,North America,ORD-477717
CMP-000410,2024-09-06 04:05:17,CUST-1381,app,Critical delay on order ORD-192296. The kale were time-sensitive and now may be unusable.,Delivery Delay,medium,SUP-6286,organic apples,Europe,ORD-192296
CMP-000411,2024-09-06 18:42:33,CUST-1720,web,Unacceptable quality for shipment ORD-817552. The oranges do not meet our quality standards.,Quality Issues,low,SUP-5241,potatoes,Europe,ORD-817552
CMP-000412,2024-09-07 09:19:50,CUST-1310,web,"Damaged goods in shipment ORD-336540. Temperature control appears to have failed, limes are spoiled.",Damaged Goods,medium,SUP-6251,spinach,Europe,ORD-336540
CMP-000413,2024-09-07 23:57:06,CUST-1674,social,Incomplete delivery for ORD-734775. 39 cases of bell peppers are missing from the shipment.,Missing Items,high,SUP-12361,carrots,Asia,ORD-734775
CMP-000414,2024-09-08 14:34:23,CUST-2861,app,"Order ORD-550955 completely ruined. cucumbers arrived in terrible condition, cannot be sold.",Damaged Goods,medium,SUP-10956,organic apples,Europe,ORD-550955
CMP-000415,2024-09-09 05:11:39,CUST-2968,social,"Terrible communication regarding shipment ORD-534152. No tracking updates, no responses to calls.",Poor Communication,low,SUP-10054,grapes,North America,ORD-534152
CMP-000416,2024-09-09 19:48:56,CUST-2254,app,"Order ORD-694587 completely ruined. oranges arrived in terrible condition, cannot be sold.",Damaged Goods,high,SUP-9953,broccoli,North America,ORD-694587
CMP-000417,2024-09-10 10:26:12,CUST-1765,app,Shipment ORD-781121 stuck in transit for 9 days. This is causing major disruptions to our supply chain.,Delivery Delay,low,SUP-12581,grapes,Europe,ORD-781121
CMP-000418,2024-09-11 01:03:29,CUST-2520,app,Billing discrepancy on order ORD-333365. The unit price for tomatoes doesn't match our contract.,Pricing Error,medium,SUP-8502,raspberries,Asia,ORD-333365
CMP-000419,2024-09-11 15:40:45,CUST-2505,social,Documentation error on order ORD-737460. Invoice doesn't match packing list.,Documentation Error,low,SUP-11774,asparagus,Asia,ORD-737460
CMP-000420,2024-09-12 06:18:02,CUST-2062,social,Order ORD-357657 is incomplete. Missing 45 units of potatoes.,Missing Items,medium,SUP-11337,pears,Europe,ORD-357657
CMP-000421,2024-09-12 20:55:18,CUST-1340,social,Order ORD-583757 is severely delayed. We needed these garlic by 2025-10-28 for our retail operations.,Delivery Delay,medium,SUP-5927,cucumbers,North America,ORD-583757
CMP-000422,2024-09-13 11:32:35,CUST-2119,app,Shipment ORD-829928 stuck in transit for 7 days. This is causing major disruptions to our supply chain.,Delivery Delay,critical,SUP-7048,avocados,North America,ORD-829928
CMP-000423,2024-09-14 02:09:51,CUST-2857,app,My order #ORD-780081 was supposed to arrive on 2025-10-28 but it's now 3 days late. This is unacceptable for perishable goods.,Delivery Delay,medium,SUP-10014,cucumbers,Europe,ORD-780081
CMP-000424,2024-09-14 16:47:08,CUST-1779,email,"Delivery delay for shipment ORD-677079. Expected 2025-10-30, still not received. Our customers are waiting.",Delivery Delay,critical,SUP-10981,pineapples,Europe,ORD-677079
CMP-000425,2024-09-15 07:24:24,CUST-2282,app,Invoice ORD-402808 shows incorrect pricing. We were quoted $600 but charged $770.,Pricing Error,medium,SUP-9084,potatoes,Asia,ORD-402808
CMP-000426,2024-09-15 22:01:41,CUST-2807,social,"Delivery delay for shipment ORD-737517. Expected 2025-10-28, still not received. Our customers are waiting.",Delivery Delay,high,SUP-7278,garlic,North America,ORD-737517
CMP-000427,2024-09-16 12:38:57,CUST-2679,app,My order #ORD-684632 was supposed to arrive on 2025-10-26 but it's now 4 days late. This is unacceptable for perishable goods.,Delivery Delay,high,SUP-9942,mangoes,Europe,ORD-684632
CMP-000428,2024-09-17 03:16:13,CUST-1100,email,Shipment ORD-191962 stuck in transit for 4 days. This is causing major disruptions to our supply chain.,Delivery Delay,low,SUP-9742,blueberries,Asia,ORD-191962
CMP-000429,2024-09-17 17:53:30,CUST-2573,web,Order ORD-197649 is severely delayed. We needed these blueberries by 2025-11-01 for our retail operations.,Delivery Delay,medium,SUP-10690,cherries,Europe,ORD-197649
CMP-000430,2024-09-18 08:30:46,CUST-2079,social,Incomplete delivery for ORD-445200. 8 cases of bananas are missing from the shipment.,Missing Items,low,SUP-10931,watermelons,North America,ORD-445200
CMP-000431,2024-09-18 23:08:03,CUST-2447,web,"Freshness issue with order ORD-926471. garlic appear to be several days old, not fresh picked.",Quality Issues,high,SUP-9257,cantaloupe,North America,ORD-926471
CMP-000432,2024-09-19 13:45:19,CUST-2008,app,Invoice ORD-621919 has wrong prices for oranges. This needs immediate correction.,Pricing Error,medium,SUP-11041,cherries,Asia,ORD-621919
CMP-000433,2024-09-20 04:22:36,CUST-2260,social,Pricing error detected. Order ORD-938403 billed at $2955 instead of agreed $2148.,Pricing Error,medium,SUP-11473,tomatoes,Europe,ORD-938403
CMP-000434,2024-09-20 18:59:52,CUST-2037,web,My order #ORD-414870 was supposed to arrive on 2025-10-31 but it's now 12 days late. This is unacceptable for perishable goods.,Delivery Delay,low,SUP-7707,pears,Europe,ORD-414870
CMP-000435,2024-09-21 09:37:09,CUST-1981,social,Quality of lemons in order ORD-805139 is substandard. Items are not fresh as promised.,Quality Issues,critical,SUP-8391,cantaloupe,Asia,ORD-805139
CMP-000436,2024-09-22 00:14:25,CUST-2067,web,"Order ORD-975671 completely ruined. cantaloupe arrived in terrible condition, cannot be sold.",Damaged Goods,medium,SUP-7896,tomatoes,Asia,ORD-975671
CMP-000437,2024-09-22 14:51:42,CUST-2721,email,Received only partial order ORD-394083. Where are the remaining 15 raspberries?,Missing Items,medium,SUP-12082,peaches,Europe,ORD-394083
CMP-000438,2024-09-23 05:28:58,CUST-2756,web,My order #ORD-839525 was supposed to arrive on 2025-10-30 but it's now 8 days late. This is unacceptable for perishable goods.,Delivery Delay,low,SUP-6433,lettuce,Europe,ORD-839525
CMP-000439,2024-09-23 20:06:15,CUST-1076,app,No response to my emails about order ORD-923073. I've been trying to reach support for 2 days.,Poor Communication,medium,SUP-11000,cherries,North America,ORD-923073
CMP-000440,2024-09-24 10:43:31,CUST-2588,web,"Delivery delay for shipment ORD-425434. Expected 2025-10-27, still not received. Our customers are waiting.",Delivery Delay,medium,SUP-12084,carrots,Asia,ORD-425434
CMP-000441,2024-09-25 01:20:48,CUST-1636,email,"Order ORD-104309 completely ruined. cherries arrived in terrible condition, cannot be sold.",Damaged Goods,high,SUP-7557,lemons,Asia,ORD-104309
CMP-000442,2024-09-25 15:58:04,CUST-1410,app,Order ORD-436467 is severely delayed. We needed these grapes by 2025-10-30 for our retail operations.,Delivery Delay,low,SUP-5937,organic apples,North America,ORD-436467
CMP-000443,2024-09-26 06:35:21,CUST-2052,email,Order ORD-686810 contains potatoes that are already showing signs of spoilage upon arrival.,Quality Issues,medium,SUP-5583,mangoes,North America,ORD-686810
CMP-000444,2024-09-26 21:12:37,CUST-2107,social,Order ORD-455193 is incomplete. Missing 48 units of bell peppers.,Missing Items,medium,SUP-8210,cucumbers,North America,ORD-455193
CMP-000445,2024-09-27 11:49:53,CUST-2825,social,Critical delay on order ORD-725078. The blueberries were time-sensitive and now may be unusable.,Delivery Delay,medium,SUP-11262,kale,North America,ORD-725078
CMP-000446,2024-09-28 02:27:10,CUST-1190,social,No response to my emails about order ORD-238197. I've been trying to reach support for 9 days.,Poor Communication,high,SUP-6502,watermelons,North America,ORD-238197
CMP-000447,2024-09-28 17:04:26,CUST-2615,web,"Freshness issue with order ORD-446373. broccoli appear to be several days old, not fresh picked.",Quality Issues,high,SUP-11290,blueberries,North America,ORD-446373
CMP-000448,2024-09-29 07:41:43,CUST-1260,email,Order ORD-702593 missing items. Expected 432 but received only 54 pears.,Missing Items,medium,SUP-9837,spinach,Asia,ORD-702593
CMP-000449,2024-09-29 22:18:59,CUST-1499,app,"Damaged goods in shipment ORD-751034. Temperature control appears to have failed, raspberries are spoiled.",Damaged Goods,critical,SUP-9460,watermelons,Asia,ORD-751034
CMP-000450,2024-09-30 12:56:16,CUST-2357,email,Critical delay on order ORD-281493. The pears were time-sensitive and now may be unusable.,Delivery Delay,low,SUP-7523,raspberries,Asia,ORD-281493
CMP-000451,2024-10-01 03:33:32,CUST-1222,social,Order ORD-727320 is severely delayed. We needed these broccoli by 2025-10-27 for our retail operations.,Delivery Delay,low,SUP-6222,kale,North America,ORD-727320
CMP-000452,2024-10-01 18:10:49,CUST-1798,social,"Delivery delay for shipment ORD-405663. Expected 2025-10-30, still not received. Our customers are waiting.",Delivery Delay,medium,SUP-5731,onions,Asia,ORD-405663
CMP-000453,2024-10-02 08:48:05,CUST-2045,social,Billing discrepancy on order ORD-741194. The unit price for cherries doesn't match our contract.,Pricing Error,high,SUP-12091,organic apples,Asia,ORD-741194
CMP-000454,2024-10-02 23:25:22,CUST-2438,social,Unacceptable quality for shipment ORD-552686. The watermelons do not meet our quality standards.,Quality Issues,high,SUP-9550,raspberries,Europe,ORD-552686
CMP-000455,2024-10-03 14:02:38,CUST-1854,app,Quality issue with order ORD-980764. The cherries show signs of improper handling during transport.,Damaged Goods,medium,SUP-10389,spinach,Asia,ORD-980764
CMP-000456,2024-10-04 04:39:55,CUST-1281,social,Order ORD-188776 missing items. Expected 332 but received only 82 asparagus.,Missing Items,medium,SUP-8151,blueberries,Asia,ORD-188776
CMP-000457,2024-10-04 19:17:11,CUST-1869,email,Incomplete delivery for ORD-294816. 37 cases of broccoli are missing from the shipment.,Missing Items,medium,SUP-5310,onions,Europe,ORD-294816
CMP-000458,2024-10-05 09:54:28,CUST-1754,email,Incomplete delivery for ORD-839122. 38 cases of broccoli are missing from the shipment.,Missing Items,medium,SUP-9287,asparagus,North America,ORD-839122
CMP-000459,2024-10-06 00:31:44,CUST-1502,social,Received order ORD-192742 with 71% of limes damaged. Packaging was inadequate.,Damaged Goods,critical,SUP-11377,organic apples,Europe,ORD-192742
CMP-000460,2024-10-06 15:09:01,CUST-2049,social,Cannot get anyone to respond about order ORD-576089 delay. Very frustrated with the service.,Poor Communication,low,SUP-11139,mangoes,North America,ORD-576089
CMP-000461,2024-10-07 05:46:17,CUST-2154,web,Missing certificates for order ORD-923154. Cannot clear customs without proper documentation.,Documentation Error,medium,SUP-6038,carrots,Asia,ORD-923154
CMP-000462,2024-10-07 20:23:34,CUST-2605,web,Documentation error on order ORD-992805. Invoice doesn't match packing list.,Documentation Error,medium,SUP-11053,bell peppers,North America,ORD-992805
CMP-000463,2024-10-08 11:00:50,CUST-1757,app,Overcharged on shipment ORD-568349. Please review and issue credit for $1632.,Pricing Error,low,SUP-9878,pears,Asia,ORD-568349
CMP-000464,2024-10-09 01:38:06,CUST-2015,social,"Damaged goods in shipment ORD-978302. Temperature control appears to have failed, oranges are spoiled.",Damaged Goods,high,SUP-11188,pears,Asia,ORD-978302
CMP-000465,2024-10-09 16:15:23,CUST-1343,social,Order ORD-155074 missing items. Expected 219 but received only 74 broccoli.,Missing Items,medium,SUP-9345,cherries,Europe,ORD-155074
CMP-000466,2024-10-10 06:52:39,CUST-1591,social,Shipment ORD-112439 stuck in transit for 7 days. This is causing major disruptions to our supply chain.,Delivery Delay,high,SUP-10001,lemons,Europe,ORD-112439
CMP-000467,2024-10-10 21:29:56,CUST-1553,web,Delivery driver for order ORD-451238 was extremely rude and unprofessional.,Service Complaint,medium,SUP-10654,cucumbers,Europe,ORD-451238
CMP-000468,2024-10-11 12:07:12,CUST-1021,email,My order #ORD-674213 was supposed to arrive on 2025-10-30 but it's now 8 days late. This is unacceptable for perishable goods.,Delivery Delay,medium,SUP-7063,bananas,Asia,ORD-674213
CMP-000469,2024-10-12 02:44:29,CUST-2268,email,My order #ORD-124851 was supposed to arrive on 2025-10-28 but it's now 12 days late. This is unacceptable for perishable goods.,Delivery Delay,high,SUP-6064,raspberries,North America,ORD-124851
CMP-000470,2024-10-12 17:21:45,CUST-2842,app,My order #ORD-900962 was supposed to arrive on 2025-10-30 but it's now 4 days late. This is unacceptable for perishable goods.,Delivery Delay,medium,SUP-11302,spinach,North America,ORD-900962
CMP-000471,2024-10-13 07:59:02,CUST-2576,web,Quality issue with order ORD-800007. The cucumbers show signs of improper handling during transport.,Damaged Goods,high,SUP-12828,pears,Europe,ORD-800007
CMP-000472,2024-10-13 22:36:18,CUST-1902,email,Order ORD-286572 missing items. Expected 351 but received only 56 bananas.,Missing Items,high,SUP-6789,garlic,North America,ORD-286572
CMP-000473,2024-10-14 13:13:35,CUST-2869,social,Order ORD-211410 is severely delayed. We needed these lettuce by 2025-10-29 for our retail operations.,Delivery Delay,low,SUP-6219,lemons,North America,ORD-211410
CMP-000474,2024-10-15 03:50:51,CUST-2910,email,Shipment ORD-100909 stuck in transit for 4 days. This is causing major disruptions to our supply chain.,Delivery Delay,high,SUP-9019,broccoli,Europe,ORD-100909
CMP-000475,2024-10-15 18:28:08,CUST-2728,email,Incorrect shipping documents for ORD-523533. Supplier name and details are wrong.,Documentation Error,medium,SUP-7731,limes,Europe,ORD-523533
CMP-000476,2024-10-16 09:05:24,CUST-1113,email,Received only partial order ORD-520075. Where are the remaining 34 potatoes?,Missing Items,medium,SUP-9542,fresh strawberries,Europe,ORD-520075
CMP-000477,2024-10-16 23:42:41,CUST-1391,web,Shipment ORD-792829 stuck in transit for 3 days. This is causing major disruptions to our supply chain.,Delivery Delay,high,SUP-5207,cantaloupe,North America,ORD-792829
CMP-000478,2024-10-17 14:19:57,CUST-2001,social,Invoice ORD-350069 shows incorrect pricing. We were quoted $803 but charged $992.,Pricing Error,medium,SUP-11453,cantaloupe,Asia,ORD-350069
CMP-000479,2024-10-18 04:57:14,CUST-1242,app,Invoice ORD-525205 has wrong prices for kale. This needs immediate correction.,Pricing Error,low,SUP-10356,organic apples,Europe,ORD-525205
CMP-000480,2024-10-18 19:34:30,CUST-1093,app,"Delivery delay for shipment ORD-748410. Expected 2025-11-01, still not received. Our customers are waiting.",Delivery Delay,high,SUP-11699,pears,Asia,ORD-748410
CMP-000481,2024-10-19 10:11:47,CUST-2018,app,My order #ORD-219726 was supposed to arrive on 2025-10-28 but it's now 5 days late. This is unacceptable for perishable goods.,Delivery Delay,medium,SUP-9471,bell peppers,Europe,ORD-219726
CMP-000482,2024-10-20 00:49:03,CUST-2975,app,Received order ORD-977057 with 24% of onions damaged. Packaging was inadequate.,Damaged Goods,medium,SUP-9533,cucumbers,Europe,ORD-977057
CMP-000483,2024-10-20 15:26:19,CUST-2895,email,Shipment ORD-355479 arrived with crushed boxes. Multiple lettuce units are unsellable.,Damaged Goods,medium,SUP-12586,tomatoes,North America,ORD-355479
CMP-000484,2024-10-21 06:03:36,CUST-2215,web,Been waiting 9 days for update on order ORD-783415. This lack of communication is unprofessional.,Poor Communication,low,SUP-6959,cucumbers,North America,ORD-783415
CMP-000485,2024-10-21 20:40:52,CUST-1077,app,Order ORD-825272 missing items. Expected 102 but received only 85 garlic.,Missing Items,medium,SUP-5783,garlic,Europe,ORD-825272
CMP-000486,2024-10-22 11:18:09,CUST-2105,app,Order ORD-898100 missing items. Expected 199 but received only 57 pineapples.,Missing Items,high,SUP-9075,cucumbers,Asia,ORD-898100
CMP-000487,2024-10-23 01:55:25,CUST-2889,email,No response to my emails about order ORD-802695. I've been trying to reach support for 6 days.,Poor Communication,low,SUP-5429,potatoes,Asia,ORD-802695
CMP-000488,2024-10-23 16:32:42,CUST-2608,email,Shipment ORD-265722 stuck in transit for 3 days. This is causing major disruptions to our supply chain.,Delivery Delay,medium,SUP-10544,asparagus,Europe,ORD-265722
CMP-000489,2024-10-24 07:09:58,CUST-2595,email,Received only partial order ORD-341238. Where are the remaining 31 oranges?,Missing Items,low,SUP-8968,fresh strawberries,Europe,ORD-341238
CMP-000490,2024-10-24 21:47:15,CUST-1442,social,Billing discrepancy on order ORD-251981. The unit price for raspberries doesn't match our contract.,Pricing Error,medium,SUP-5262,watermelons,North America,ORD-251981
CMP-000491,2024-10-25 12:24:31,CUST-1574,app,Received order ORD-162549 with 46% of cherries damaged. Packaging was inadequate.,Damaged Goods,high,SUP-6284,peaches,North America,ORD-162549
CMP-000492,2024-10-26 03:01:48,CUST-2854,app,Critical delay on order ORD-741233. The potatoes were time-sensitive and now may be unusable.,Delivery Delay,low,SUP-5118,cantaloupe,Europe,ORD-741233
CMP-000493,2024-10-26 17:39:04,CUST-2787,app,Customer service is unresponsive. Order ORD-871939 has issues but nobody is getting back to me.,Poor Communication,low,SUP-5328,broccoli,North America,ORD-871939
CMP-000494,2024-10-27 08:16:21,CUST-2032,email,Order ORD-905942 missing items. Expected 150 but received only 78 carrots.,Missing Items,medium,SUP-11169,organic apples,North America,ORD-905942
CMP-000495,2024-10-27 22:53:37,CUST-1832,app,Shipment ORD-867333 arrived with crushed boxes. Multiple blueberries units are unsellable.,Damaged Goods,high,SUP-12028,onions,North America,ORD-867333
CMP-000496,2024-10-28 13:30:54,CUST-1049,social,"Freshness issue with order ORD-712011. pineapples appear to be several days old, not fresh picked.",Quality Issues,high,SUP-8152,asparagus,North America,ORD-712011
CMP-000497,2024-10-29 04:08:10,CUST-2087,email,Quality issue with order ORD-449077. The spinach show signs of improper handling during transport.,Damaged Goods,high,SUP-10082,asparagus,Europe,ORD-449077
CMP-000498,2024-10-29 18:45:27,CUST-2909,email,"Order ORD-871501 completely ruined. limes arrived in terrible condition, cannot be sold.",Damaged Goods,low,SUP-10309,potatoes,North America,ORD-871501
CMP-000499,2024-10-30 09:22:43,CUST-2148,app,Paperwork for shipment ORD-170260 has wrong product codes. This is delaying our processing.,Documentation Error,low,SUP-6846,avocados,Europe,ORD-170260
CMP-000500,2024-10-31 00:00:00,CUST-2031,social,Customer service rep was very unprofessional when I called about order ORD-380345.,Service Complaint,medium,SUP-10814,potatoes,North America,ORD-380345
